{"type":"Feature","geometry":{"type":"MultiPolygon","coordinates":[[[[-52.043669,-31.57374],[-52.036267,-31.569078],[-52.037583,-31.564927],[-52.039317,-31.559459],[-52.044992,-31.562469],[-52.045446,-31.559239],[-52.059558,-31.555937],[-52.087787,-31.549332],[-52.102107,-31.552076],[-52.109928,-31.553575],[-52.110349,-31.560246],[-52.104562,-31.563871],[-52.111887,-31.56514],[-52.114795,-31.565661],[-52.115201,-31.570676],[-52.115252,-31.571323],[-52.115572,-31.575398],[-52.116099,-31.582123],[-52.111866,-31.604725],[-52.108545,-31.60928],[-52.105903,-31.612905],[-52.104248,-31.615176],[-52.103154,-31.616676],[-52.103042,-31.616829],[-52.100779,-31.619934],[-52.102208,-31.625406],[-52.094442,-31.629787],[-52.074283,-31.623957],[-52.068639,-31.619258],[-52.065841,-31.612261],[-52.065212,-31.610686],[-52.0646,-31.609156],[-52.060529,-31.599138],[-52.056923,-31.598478],[-52.056819,-31.606135],[-52.056778,-31.609114],[-52.056774,-31.609374],[-52.05667,-31.616983],[-52.056624,-31.6204],[-52.056554,-31.625447],[-52.060418,-31.623609],[-52.059304,-31.631359],[-52.053991,-31.637072],[-52.061006,-31.642966],[-52.064265,-31.645698],[-52.066705,-31.647744],[-52.066172,-31.650813],[-52.069104,-31.652254],[-52.07041,-31.652896],[-52.073042,-31.654118],[-52.076922,-31.655921],[-52.081454,-31.665783],[-52.080274,-31.666283],[-52.069968,-31.670643],[-52.068556,-31.676124],[-52.076353,-31.681458],[-52.103592,-31.684141],[-52.133766,-31.693163],[-52.141507,-31.695478],[-52.149351,-31.697823],[-52.156483,-31.70207],[-52.173485,-31.712195],[-52.193728,-31.724249],[-52.20028,-31.72815],[-52.202958,-31.730622],[-52.223029,-31.749336],[-52.225173,-31.751401],[-52.225943,-31.763797],[-52.226155,-31.767408],[-52.225306,-31.76912],[-52.222553,-31.774672],[-52.221215,-31.77737],[-52.218436,-31.782976],[-52.222639,-31.788525],[-52.214965,-31.798812],[-52.212887,-31.809249],[-52.216547,-31.810623],[-52.218732,-31.804037],[-52.222847,-31.812728],[-52.222923,-31.812644],[-52.228852,-31.806028],[-52.231058,-31.809244],[-52.224702,-31.816284],[-52.222176,-31.819083],[-52.222455,-31.842851],[-52.22605,-31.847814],[-52.23214,-31.840442],[-52.235917,-31.839227],[-52.239905,-31.837944],[-52.252997,-31.842227],[-52.256169,-31.848617],[-52.254859,-31.854282],[-52.252511,-31.863337],[-52.250767,-31.870066],[-52.24951,-31.874916],[-52.233931,-31.894161],[-52.228395,-31.895001],[-52.228279,-31.884422],[-52.228271,-31.883712],[-52.233215,-31.881297],[-52.237502,-31.879202],[-52.234559,-31.876296],[-52.231614,-31.873389],[-52.220865,-31.871987],[-52.209571,-31.88297],[-52.205182,-31.88724],[-52.201545,-31.890777],[-52.201478,-31.890842],[-52.19595,-31.896217],[-52.192745,-31.897579],[-52.160201,-31.911414],[-52.132468,-31.923204],[-52.127201,-31.931439],[-52.126393,-31.932701],[-52.120344,-31.93696],[-52.112376,-31.942569],[-52.112469,-31.960875],[-52.112555,-31.977626],[-52.109045,-31.981356],[-52.106654,-31.983898],[-52.10394,-31.986782],[-52.103517,-31.987232],[-52.095589,-31.995658],[-52.094404,-32.000615],[-52.092768,-32.007468],[-52.091895,-32.011122],[-52.091158,-32.014207],[-52.089257,-32.022167],[-52.093417,-32.017856],[-52.095111,-32.020193],[-52.097536,-32.023539],[-52.108402,-32.018982],[-52.108274,-32.026936],[-52.096051,-32.02919],[-52.083699,-32.029385],[-52.067883,-32.029634],[-52.06679,-32.033366],[-52.064379,-32.041599],[-52.063123,-32.046102],[-52.065707,-32.050277],[-52.070172,-32.047016],[-52.071316,-32.051551],[-52.075932,-32.053624],[-52.086103,-32.058193],[-52.085136,-32.064853],[-52.084895,-32.066512],[-52.088968,-32.071507],[-52.09126,-32.074296],[-52.093179,-32.07663],[-52.098178,-32.08271],[-52.101162,-32.0941],[-52.103139,-32.101652],[-52.104518,-32.106917],[-52.103827,-32.112848],[-52.10328,-32.117537],[-52.102932,-32.120522],[-52.101973,-32.128748],[-52.10067,-32.139914],[-52.100054,-32.145193],[-52.099428,-32.150557],[-52.09854,-32.158175],[-52.098151,-32.161508],[-52.103296,-32.162716],[-52.114963,-32.166384],[-52.119113,-32.167977],[-52.123262,-32.16957],[-52.141765,-32.181199],[-52.149243,-32.185901],[-52.150054,-32.186411],[-52.155913,-32.190094],[-52.18528,-32.215977],[-52.212026,-32.239548],[-52.219571,-32.246199],[-52.22097,-32.247432],[-52.220976,-32.247437],[-52.231314,-32.256548],[-52.261921,-32.294624],[-52.30639,-32.361007],[-52.341631,-32.426058],[-52.370501,-32.489086],[-52.372547,-32.494435],[-52.374594,-32.499783],[-52.415524,-32.606758],[-52.42135,-32.627429],[-52.423324,-32.634532],[-52.425299,-32.641634],[-52.442181,-32.711618],[-52.447893,-32.73514],[-52.449995,-32.741871],[-52.452097,-32.748603],[-52.467469,-32.797822],[-52.511475,-32.902703],[-52.517739,-32.91331],[-52.524004,-32.923916],[-52.540867,-32.952459],[-52.547469,-32.963632],[-52.548924,-32.966094],[-52.552615,-32.972342],[-52.560944,-32.989024],[-52.563645,-32.994436],[-52.566347,-32.999848],[-52.579342,-33.025878],[-52.595223,-33.05769],[-52.598476,-33.064207],[-52.598478,-33.06421],[-52.601729,-33.070723],[-52.608515,-33.082039],[-52.610609,-33.085531],[-52.614605,-33.092197],[-52.616674,-33.095646],[-52.622626,-33.105573],[-52.62867,-33.115653],[-52.632784,-33.121225],[-52.632792,-33.121236],[-52.636899,-33.126798],[-52.653651,-33.149486],[-52.661823,-33.160551],[-52.667321,-33.166982],[-52.679945,-33.181748],[-52.682055,-33.184218],[-52.689832,-33.193316],[-52.698665,-33.203647],[-52.71958,-33.228112],[-52.738104,-33.249779],[-52.746136,-33.257131],[-52.754168,-33.264484],[-52.789487,-33.296816],[-52.79233,-33.299418],[-52.792335,-33.299422],[-52.795174,-33.302021],[-52.816012,-33.318455],[-52.884974,-33.372838],[-53.043145,-33.497573],[-53.049194,-33.50267],[-53.055242,-33.507766],[-53.146048,-33.584276],[-53.148807,-33.586601],[-53.148813,-33.586605],[-53.151567,-33.588926],[-53.179044,-33.609505],[-53.186761,-33.615284],[-53.186836,-33.615339],[-53.189968,-33.617685],[-53.193581,-33.620391],[-53.199885,-33.625112],[-53.240561,-33.655576],[-53.246587,-33.660088],[-53.265755,-33.673017],[-53.289068,-33.688741],[-53.329307,-33.715882],[-53.337316,-33.721224],[-53.345322,-33.726565],[-53.372677,-33.74458],[-53.381318,-33.747338],[-53.392071,-33.750171],[-53.393715,-33.750604],[-53.396678,-33.751358],[-53.401593,-33.748231],[-53.404903,-33.748273],[-53.415977,-33.748346],[-53.422406,-33.743888],[-53.42508,-33.74241],[-53.432365,-33.737735],[-53.431344,-33.730461],[-53.432971,-33.726141],[-53.43432,-33.723436],[-53.437957,-33.712153],[-53.43769,-33.70935],[-53.437106,-33.703234],[-53.440306,-33.698305],[-53.441922,-33.695145],[-53.449347,-33.693507],[-53.454374,-33.693087],[-53.473453,-33.69203],[-53.522682,-33.689303],[-53.529042,-33.68729],[-53.530328,-33.67816],[-53.524801,-33.673978],[-53.52451,-33.673758],[-53.524694,-33.673578],[-53.527501,-33.670823],[-53.531023,-33.666265],[-53.531336,-33.659281],[-53.532307,-33.654832],[-53.532511,-33.647096],[-53.529165,-33.643207],[-53.528184,-33.636814],[-53.527272,-33.630892],[-53.525706,-33.625583],[-53.527949,-33.622946],[-53.531675,-33.618504],[-53.535302,-33.613258],[-53.53003,-33.600166],[-53.529984,-33.608287],[-53.528017,-33.612088],[-53.525874,-33.613072],[-53.524631,-33.613642],[-53.519074,-33.609449],[-53.512185,-33.597629],[-53.514218,-33.58881],[-53.515269,-33.584254],[-53.510218,-33.57285],[-53.511478,-33.5672],[-53.514504,-33.55363],[-53.51233,-33.544522],[-53.510175,-33.535401],[-53.504092,-33.53477],[-53.502157,-33.537404],[-53.498299,-33.542851],[-53.491144,-33.544378],[-53.481411,-33.545523],[-53.482179,-33.550405],[-53.48183,-33.556553],[-53.480794,-33.560619],[-53.480515,-33.561713],[-53.484739,-33.559722],[-53.488645,-33.55788],[-53.488539,-33.558857],[-53.487888,-33.564831],[-53.485457,-33.567782],[-53.482399,-33.569546],[-53.478892,-33.572776],[-53.46553,-33.574052],[-53.460413,-33.57452],[-53.449752,-33.569597],[-53.448618,-33.562915],[-53.451585,-33.558905],[-53.45638,-33.551637],[-53.457159,-33.550456],[-53.461211,-33.553346],[-53.464502,-33.554888],[-53.461554,-33.548653],[-53.459958,-33.545694],[-53.4555,-33.537668],[-53.45331,-33.532709],[-53.452644,-33.527967],[-53.452148,-33.524727],[-53.45156,-33.520802],[-53.450304,-33.512671],[-53.447364,-33.508238],[-53.442891,-33.503618],[-53.443756,-33.508239],[-53.445035,-33.512742],[-53.447965,-33.514314],[-53.445993,-33.515467],[-53.443121,-33.517146],[-53.439991,-33.517845],[-53.438342,-33.512866],[-53.434016,-33.499377],[-53.433378,-33.495397],[-53.432444,-33.489268],[-53.432129,-33.486173],[-53.431949,-33.484405],[-53.431831,-33.483241],[-53.431645,-33.481879],[-53.430621,-33.474367],[-53.429183,-33.465481],[-53.427974,-33.457774],[-53.426809,-33.44969],[-53.426332,-33.446009],[-53.426971,-33.434109],[-53.42803,-33.420095],[-53.434434,-33.401624],[-53.438335,-33.391149],[-53.439314,-33.388521],[-53.442052,-33.379784],[-53.445458,-33.365369],[-53.447824,-33.355605],[-53.45019,-33.345841],[-53.461959,-33.29607],[-53.465818,-33.280216],[-53.467113,-33.273756],[-53.469573,-33.263188],[-53.469675,-33.25917],[-53.466604,-33.250105],[-53.464911,-33.245728],[-53.462997,-33.240668],[-53.46017,-33.233711],[-53.444507,-33.192526],[-53.442741,-33.187982],[-53.440975,-33.183439],[-53.436234,-33.17074],[-53.433629,-33.164188],[-53.430421,-33.155555],[-53.425839,-33.152522],[-53.422865,-33.156664],[-53.41731,-33.160649],[-53.417282,-33.160663],[-53.412406,-33.163058],[-53.407507,-33.162294],[-53.399618,-33.157016],[-53.395907,-33.153845],[-53.391705,-33.150707],[-53.384808,-33.135488],[-53.381794,-33.133576],[-53.377404,-33.130294],[-53.373273,-33.12614],[-53.37066,-33.123507],[-53.366882,-33.119845],[-53.359738,-33.11195],[-53.354357,-33.106629],[-53.352718,-33.103459],[-53.352376,-33.102863],[-53.348179,-33.095563],[-53.336436,-33.075759],[-53.332412,-33.068496],[-53.326334,-33.061678],[-53.323129,-33.058574],[-53.319514,-33.05469],[-53.31595,-33.055957],[-53.317406,-33.064393],[-53.321466,-33.063189],[-53.323546,-33.073661],[-53.324896,-33.080461],[-53.320586,-33.085325],[-53.318111,-33.087952],[-53.315091,-33.089221],[-53.311437,-33.091563],[-53.297841,-33.098438],[-53.287382,-33.103508],[-53.276924,-33.108578],[-53.261018,-33.107209],[-53.255673,-33.102124],[-53.253328,-33.098953],[-53.251878,-33.096277],[-53.249823,-33.092392],[-53.244797,-33.082921],[-53.244276,-33.081939],[-53.23605,-33.066918],[-53.23157,-33.063082],[-53.229661,-33.061371],[-53.223536,-33.055879],[-53.217312,-33.050423],[-53.212322,-33.04604],[-53.209819,-33.043742],[-53.206389,-33.040786],[-53.202269,-33.037013],[-53.198224,-33.030962],[-53.196597,-33.028121],[-53.194114,-33.024343],[-53.189427,-33.016896],[-53.187147,-33.013498],[-53.182654,-33.006135],[-53.160797,-32.971695],[-53.159375,-32.969168],[-53.157545,-32.956684],[-53.160242,-32.941149],[-53.166386,-32.905764],[-53.16258,-32.908903],[-53.161402,-32.904707],[-53.160851,-32.902743],[-53.160066,-32.899945],[-53.161662,-32.893075],[-53.164863,-32.879294],[-53.162991,-32.871709],[-53.161004,-32.863662],[-53.159742,-32.858547],[-53.157956,-32.851312],[-53.15512,-32.839823],[-53.149607,-32.82539],[-53.14737,-32.819472],[-53.144049,-32.81148],[-53.142863,-32.808874],[-53.140699,-32.805128],[-53.136885,-32.801683],[-53.126193,-32.793161],[-53.123145,-32.790994],[-53.114192,-32.799374],[-53.112827,-32.801296],[-53.112413,-32.801879],[-53.110192,-32.803854],[-53.108668,-32.807802],[-53.10397,-32.812155],[-53.093413,-32.821937],[-53.083678,-32.829325],[-53.078248,-32.830768],[-53.072341,-32.832491],[-53.068281,-32.829648],[-53.063587,-32.826129],[-53.057994,-32.821723],[-53.055471,-32.818519],[-53.042013,-32.800378],[-53.041673,-32.799919],[-53.038248,-32.796573],[-53.033188,-32.791912],[-53.021298,-32.781131],[-52.999866,-32.761371],[-52.997624,-32.759148],[-52.991342,-32.753786],[-52.987576,-32.7434],[-52.982168,-32.734131],[-52.985843,-32.751904],[-52.988547,-32.755203],[-52.994021,-32.760103],[-52.996872,-32.766797],[-53.00087,-32.776184],[-53.002888,-32.784524],[-53.000532,-32.792982],[-52.996351,-32.799893],[-52.994303,-32.802974],[-52.984717,-32.81627],[-52.972084,-32.829],[-52.968355,-32.832886],[-52.960081,-32.840952],[-52.952114,-32.847749],[-52.93438,-32.862422],[-52.928365,-32.864354],[-52.928238,-32.864394],[-52.924516,-32.865245],[-52.918159,-32.871619],[-52.910548,-32.878664],[-52.907565,-32.881429],[-52.906714,-32.882217],[-52.90292,-32.885734],[-52.897871,-32.890103],[-52.894167,-32.892195],[-52.869653,-32.90479],[-52.861989,-32.908295],[-52.846882,-32.911034],[-52.840595,-32.911893],[-52.833252,-32.91321],[-52.810217,-32.907302],[-52.804213,-32.905416],[-52.797097,-32.90117],[-52.787633,-32.895134],[-52.7798,-32.88997],[-52.770436,-32.88346],[-52.767482,-32.880746],[-52.755667,-32.867838],[-52.750015,-32.86162],[-52.74205,-32.849571],[-52.7341,-32.837497],[-52.734093,-32.837488],[-52.729703,-32.83082],[-52.729253,-32.830398],[-52.726526,-32.827843],[-52.717733,-32.81274],[-52.716887,-32.811287],[-52.71593,-32.809869],[-52.715927,-32.809865],[-52.707522,-32.797414],[-52.704115,-32.791636],[-52.699976,-32.782957],[-52.698507,-32.779766],[-52.688791,-32.758675],[-52.686761,-32.755017],[-52.68431,-32.750912],[-52.671789,-32.729069],[-52.657535,-32.703776],[-52.644947,-32.681623],[-52.63825,-32.670199],[-52.635956,-32.666287],[-52.634539,-32.663869],[-52.634021,-32.662986],[-52.633995,-32.662892],[-52.633399,-32.66187],[-52.627123,-32.65111],[-52.623476,-32.645146],[-52.619182,-32.637252],[-52.616339,-32.631277],[-52.61315,-32.624572],[-52.610958,-32.619964],[-52.61019,-32.616545],[-52.609362,-32.613195],[-52.608026,-32.608593],[-52.602455,-32.587787],[-52.593981,-32.556919],[-52.585617,-32.52622],[-52.586293,-32.521867],[-52.586938,-32.518796],[-52.592621,-32.491766],[-52.608568,-32.458748],[-52.618515,-32.438154],[-52.625415,-32.423869],[-52.6286,-32.417274],[-52.636411,-32.405359],[-52.637153,-32.404249],[-52.644338,-32.39349],[-52.662374,-32.366146],[-52.671334,-32.352493],[-52.675899,-32.345536],[-52.678891,-32.340977],[-52.682897,-32.334873],[-52.685711,-32.330838],[-52.689523,-32.324825],[-52.691839,-32.320851],[-52.693135,-32.317625],[-52.69211,-32.309552],[-52.689859,-32.299115],[-52.684915,-32.278809],[-52.681185,-32.264678],[-52.678509,-32.258069],[-52.671271,-32.241599],[-52.668,-32.233559],[-52.655916,-32.205224],[-52.651536,-32.198583],[-52.651386,-32.198327],[-52.649563,-32.195213],[-52.647219,-32.191417],[-52.632051,-32.167731],[-52.628045,-32.161672],[-52.627694,-32.158513],[-52.629559,-32.154538],[-52.627676,-32.151604],[-52.625197,-32.148313],[-52.621861,-32.143311],[-52.632598,-32.146734],[-52.634806,-32.147405],[-52.645168,-32.150553],[-52.653404,-32.152875],[-52.656139,-32.153625],[-52.658895,-32.154465],[-52.663039,-32.15734],[-52.665626,-32.159231],[-52.672716,-32.164412],[-52.676602,-32.164091],[-52.682025,-32.162645],[-52.683025,-32.162378],[-52.688684,-32.160944],[-52.69521,-32.161946],[-52.696688,-32.165475],[-52.698476,-32.167038],[-52.700061,-32.168423],[-52.703366,-32.168437],[-52.70561,-32.168447],[-52.708805,-32.168648],[-52.712728,-32.168838],[-52.715564,-32.17095],[-52.717206,-32.172399],[-52.718609,-32.173639],[-52.719658,-32.173102],[-52.722883,-32.171451],[-52.725413,-32.16954],[-52.737265,-32.166538],[-52.736781,-32.171986],[-52.741446,-32.172743],[-52.744784,-32.174692],[-52.741542,-32.17569],[-52.737013,-32.175311],[-52.739761,-32.181316],[-52.735554,-32.180466],[-52.735963,-32.184856],[-52.731076,-32.186704],[-52.731006,-32.186731],[-52.726119,-32.188217],[-52.730492,-32.195401],[-52.731592,-32.192075],[-52.733244,-32.191066],[-52.735055,-32.189959],[-52.738143,-32.190647],[-52.743302,-32.191588],[-52.750324,-32.193361],[-52.756455,-32.19631],[-52.759543,-32.198528],[-52.761772,-32.201686],[-52.766482,-32.204345],[-52.764005,-32.20584],[-52.761368,-32.207631],[-52.757531,-32.209611],[-52.754658,-32.207167],[-52.751551,-32.207712],[-52.746402,-32.209018],[-52.742217,-32.209115],[-52.74217,-32.209116],[-52.73631,-32.201628],[-52.731933,-32.205771],[-52.72844,-32.212409],[-52.733189,-32.216408],[-52.736202,-32.21834],[-52.739617,-32.219678],[-52.744149,-32.216436],[-52.746515,-32.213385],[-52.746524,-32.213375],[-52.749682,-32.211935],[-52.75383,-32.211805],[-52.760219,-32.218146],[-52.764623,-32.222507],[-52.767547,-32.225488],[-52.77177,-32.229725],[-52.774193,-32.233092],[-52.776161,-32.240641],[-52.777203,-32.246284],[-52.780032,-32.256902],[-52.782653,-32.26754],[-52.785831,-32.268802],[-52.787612,-32.269197],[-52.794787,-32.27079],[-52.795822,-32.274213],[-52.793966,-32.276877],[-52.791451,-32.277803],[-52.787181,-32.279375],[-52.794537,-32.286874],[-52.796167,-32.291349],[-52.799091,-32.298682],[-52.802414,-32.307016],[-52.803902,-32.310661],[-52.806754,-32.31691],[-52.807661,-32.317398],[-52.809611,-32.318448],[-52.813046,-32.320723],[-52.813503,-32.325565],[-52.816831,-32.327927],[-52.818788,-32.330294],[-52.819591,-32.333289],[-52.817256,-32.340493],[-52.813038,-32.346887],[-52.807904,-32.35248],[-52.800495,-32.35108],[-52.800072,-32.351],[-52.791706,-32.348315],[-52.793021,-32.352252],[-52.795595,-32.354202],[-52.800761,-32.358118],[-52.799333,-32.362712],[-52.79681,-32.365926],[-52.787968,-32.37804],[-52.782798,-32.37306],[-52.772539,-32.376625],[-52.764593,-32.372633],[-52.765084,-32.367917],[-52.760422,-32.367402],[-52.760189,-32.367376],[-52.755381,-32.368791],[-52.753226,-32.367969],[-52.751522,-32.364184],[-52.749913,-32.360671],[-52.746147,-32.362084],[-52.742331,-32.363858],[-52.736653,-32.364912],[-52.72914,-32.367706],[-52.721681,-32.37097],[-52.719017,-32.38062],[-52.721633,-32.384643],[-52.723777,-32.387112],[-52.7391,-32.40384],[-52.741902,-32.406806],[-52.743941,-32.40891],[-52.743972,-32.408942],[-52.745249,-32.410261],[-52.749557,-32.4148],[-52.770107,-32.432111],[-52.777303,-32.437535],[-52.788759,-32.444961],[-52.805102,-32.450847],[-52.822229,-32.454325],[-52.838834,-32.457697],[-52.866584,-32.459759],[-52.872809,-32.460227],[-52.879035,-32.460694],[-52.895133,-32.464044],[-52.911808,-32.467715],[-52.91574,-32.468671],[-52.921447,-32.470607],[-52.938139,-32.476509],[-52.942445,-32.47811],[-52.946211,-32.480782],[-52.947417,-32.481637],[-52.953421,-32.485547],[-52.955739,-32.487484],[-52.962368,-32.492931],[-52.969324,-32.498647],[-52.981998,-32.509468],[-52.984009,-32.517926],[-52.986149,-32.530131],[-52.989094,-32.547874],[-52.992161,-32.566346],[-52.994133,-32.577591],[-52.995314,-32.581988],[-52.999718,-32.594096],[-53.000234,-32.59735],[-53.008723,-32.607179],[-53.013451,-32.609509],[-53.019084,-32.612285],[-53.0368,-32.613664],[-53.048037,-32.614538],[-53.053395,-32.615182],[-53.060791,-32.618254],[-53.066049,-32.624156],[-53.069889,-32.628468],[-53.072224,-32.636802],[-53.072509,-32.64114],[-53.072833,-32.64608],[-53.073756,-32.649237],[-53.07578,-32.656163],[-53.082519,-32.651129],[-53.082779,-32.650935],[-53.088502,-32.648004],[-53.10153,-32.641331],[-53.113387,-32.638108],[-53.124977,-32.638361],[-53.127821,-32.637864],[-53.139656,-32.639277],[-53.146094,-32.640279],[-53.150605,-32.641911],[-53.163327,-32.647246],[-53.1655,-32.648157],[-53.173949,-32.656104],[-53.177444,-32.65283],[-53.178038,-32.650147],[-53.17836,-32.648692],[-53.180583,-32.645526],[-53.185713,-32.644273],[-53.200541,-32.641321],[-53.21597,-32.638249],[-53.232267,-32.63083],[-53.235048,-32.629517],[-53.241514,-32.625864],[-53.242795,-32.62251],[-53.248396,-32.606084],[-53.249143,-32.603895],[-53.268348,-32.605113],[-53.271283,-32.606017],[-53.272183,-32.607317],[-53.27423,-32.610272],[-53.276831,-32.614916],[-53.280041,-32.618876],[-53.282788,-32.62033],[-53.286652,-32.62096],[-53.289601,-32.619294],[-53.294303,-32.614252],[-53.297475,-32.61078],[-53.299546,-32.607259],[-53.303395,-32.604706],[-53.305605,-32.603268],[-53.306208,-32.602877],[-53.311131,-32.599701],[-53.318722,-32.594667],[-53.326662,-32.589269],[-53.331675,-32.585671],[-53.335342,-32.584962],[-53.341856,-32.588088],[-53.342807,-32.58872],[-53.345096,-32.590243],[-53.348517,-32.592122],[-53.354022,-32.59082],[-53.356651,-32.588416],[-53.359436,-32.584561],[-53.369606,-32.570483],[-53.378255,-32.571352],[-53.380946,-32.576192],[-53.382696,-32.578743],[-53.38786,-32.586268],[-53.399764,-32.580982],[-53.40238,-32.579655],[-53.416211,-32.568215],[-53.416651,-32.565764],[-53.417571,-32.560639],[-53.423584,-32.558468],[-53.424691,-32.561109],[-53.425934,-32.564073],[-53.431305,-32.565414],[-53.441277,-32.539544],[-53.453553,-32.52583],[-53.456891,-32.520557],[-53.456401,-32.515216],[-53.45819,-32.511835],[-53.462486,-32.501671],[-53.464326,-32.496966],[-53.466207,-32.492155],[-53.462996,-32.484843],[-53.46729,-32.482288],[-53.471405,-32.480172],[-53.479198,-32.483979],[-53.502209,-32.480347],[-53.508117,-32.483607],[-53.510973,-32.485183],[-53.514501,-32.48706],[-53.516943,-32.484941],[-53.520764,-32.481242],[-53.523638,-32.484707],[-53.525926,-32.48692],[-53.528797,-32.485911],[-53.544029,-32.477292],[-53.543202,-32.474247],[-53.542482,-32.47159],[-53.550417,-32.47143],[-53.55139,-32.471411],[-53.557073,-32.470905],[-53.566448,-32.458491],[-53.582143,-32.451821],[-53.58369,-32.447738],[-53.585604,-32.441294],[-53.58728,-32.435651],[-53.590904,-32.43426],[-53.597369,-32.431777],[-53.612251,-32.416972],[-53.611491,-32.406936],[-53.611458,-32.406489],[-53.610904,-32.402069],[-53.613862,-32.398007],[-53.616226,-32.395358],[-53.621004,-32.393267],[-53.631953,-32.388476],[-53.643716,-32.38316],[-53.637716,-32.365972],[-53.632196,-32.349871],[-53.642589,-32.336257],[-53.64301,-32.331387],[-53.643374,-32.324008],[-53.647985,-32.322122],[-53.652397,-32.320317],[-53.655219,-32.317933],[-53.654649,-32.311907],[-53.650624,-32.312236],[-53.646342,-32.312588],[-53.642336,-32.296496],[-53.65035,-32.29147],[-53.655256,-32.288057],[-53.656002,-32.279783],[-53.660714,-32.276749],[-53.664293,-32.274446],[-53.666688,-32.271276],[-53.670626,-32.266679],[-53.676228,-32.259304],[-53.676193,-32.254818],[-53.67621,-32.249681],[-53.676416,-32.242336],[-53.676429,-32.241868],[-53.676654,-32.237344],[-53.67676,-32.235213],[-53.684544,-32.219425],[-53.691978,-32.211928],[-53.693131,-32.208071],[-53.694685,-32.203504],[-53.697987,-32.204637],[-53.703691,-32.206595],[-53.707427,-32.20247],[-53.709875,-32.198967],[-53.707884,-32.195918],[-53.704733,-32.191641],[-53.704002,-32.190649],[-53.70538,-32.190326],[-53.706248,-32.190123],[-53.708018,-32.18971],[-53.712137,-32.188747],[-53.71206,-32.18517],[-53.712171,-32.181454],[-53.712182,-32.177698],[-53.722588,-32.173119],[-53.721712,-32.169566],[-53.719397,-32.161841],[-53.716829,-32.15327],[-53.723779,-32.152935],[-53.728405,-32.152712],[-53.733766,-32.152024],[-53.726895,-32.146601],[-53.725929,-32.145838],[-53.725866,-32.145789],[-53.72588,-32.140907],[-53.726176,-32.137874],[-53.726906,-32.136873],[-53.728402,-32.13482],[-53.731171,-32.131729],[-53.734248,-32.12787],[-53.736043,-32.125503],[-53.743013,-32.115411],[-53.740282,-32.110914],[-53.738945,-32.107637],[-53.738228,-32.104799],[-53.739171,-32.1007],[-53.73152,-32.105339],[-53.728197,-32.101641],[-53.727263,-32.100374],[-53.724965,-32.097255],[-53.736468,-32.09367],[-53.743797,-32.091385],[-53.744262,-32.087993],[-53.744592,-32.085581],[-53.745049,-32.081228],[-53.745262,-32.078282],[-53.74912,-32.077687],[-53.754821,-32.077467],[-53.760274,-32.077762],[-53.762138,-32.077922],[-53.76511,-32.078177],[-53.766165,-32.076692],[-53.768325,-32.073652],[-53.772396,-32.072455],[-53.780783,-32.070241],[-53.784642,-32.071051],[-53.784744,-32.071073],[-53.7889,-32.070947],[-53.788792,-32.069784],[-53.788624,-32.067969],[-53.792697,-32.068592],[-53.799315,-32.069606],[-53.802531,-32.069192],[-53.806539,-32.067858],[-53.809614,-32.064937],[-53.814005,-32.059955],[-53.820578,-32.059889],[-53.825608,-32.059018],[-53.83271,-32.054162],[-53.833287,-32.050621],[-53.833502,-32.046158],[-53.833641,-32.043704],[-53.833741,-32.041928],[-53.837833,-32.03972],[-53.841263,-32.03787],[-53.839652,-32.036014],[-53.837113,-32.033087],[-53.841649,-32.031945],[-53.85136,-32.029498],[-53.852367,-32.020827],[-53.852641,-32.013893],[-53.852928,-32.009822],[-53.852751,-32.009319],[-53.85106,-32.004512],[-53.849465,-32.000818],[-53.858484,-31.995937],[-53.863197,-31.993384],[-53.869095,-31.997739],[-53.871907,-31.997328],[-53.87799,-31.996438],[-53.884218,-31.995303],[-53.890317,-31.993554],[-53.894878,-31.984309],[-53.895041,-31.983889],[-53.896024,-31.981358],[-53.898675,-31.979762],[-53.902273,-31.977936],[-53.908512,-31.973809],[-53.912078,-31.966572],[-53.915089,-31.966154],[-53.920583,-31.964939],[-53.922262,-31.96459],[-53.924432,-31.964138],[-53.931719,-31.962944],[-53.940983,-31.957713],[-53.946999,-31.95587],[-53.950532,-31.957763],[-53.95837,-31.955076],[-53.96335,-31.950554],[-53.971343,-31.941176],[-53.968865,-31.937018],[-53.966365,-31.935492],[-53.965493,-31.934536],[-53.964073,-31.93298],[-53.962423,-31.930543],[-53.96284,-31.923044],[-53.968436,-31.922434],[-53.971665,-31.918275],[-53.975712,-31.917781],[-53.978622,-31.917433],[-53.985344,-31.916753],[-53.991603,-31.915967],[-53.995636,-31.915636],[-53.999575,-31.915313],[-54.003378,-31.914984],[-54.004653,-31.913062],[-54.006055,-31.910949],[-54.011559,-31.907719],[-54.014374,-31.906365],[-54.015527,-31.901595],[-54.020989,-31.901511],[-54.025113,-31.897842],[-54.029862,-31.897236],[-54.038904,-31.897293],[-54.04099,-31.899675],[-54.043129,-31.902292],[-54.045605,-31.90445],[-54.050122,-31.905469],[-54.055367,-31.909736],[-54.060242,-31.91572],[-54.060988,-31.916634],[-54.067328,-31.921143],[-54.070939,-31.920276],[-54.077686,-31.926242],[-54.080327,-31.928919],[-54.082749,-31.930461],[-54.085397,-31.932546],[-54.091004,-31.930899],[-54.096311,-31.928779],[-54.099898,-31.927319],[-54.102517,-31.921535],[-54.104986,-31.916819],[-54.107036,-31.911474],[-54.107781,-31.909531],[-54.113507,-31.906305],[-54.116541,-31.904707],[-54.119494,-31.903494],[-54.119702,-31.903399],[-54.132486,-31.897568],[-54.139798,-31.893946],[-54.140414,-31.890979],[-54.141192,-31.887223],[-54.141598,-31.886093],[-54.142706,-31.883001],[-54.145731,-31.880572],[-54.14861,-31.878778],[-54.151351,-31.876852],[-54.155189,-31.873866],[-54.166395,-31.8656],[-54.168972,-31.863767],[-54.171548,-31.861934],[-54.453865,-31.652141],[-54.453057,-31.648642],[-54.45214,-31.644254],[-54.451228,-31.641201],[-54.45202,-31.637945],[-54.452887,-31.635139],[-54.453525,-31.630525],[-54.456767,-31.629341],[-54.459676,-31.627045],[-54.463381,-31.619709],[-54.467006,-31.612156],[-54.464004,-31.609224],[-54.459497,-31.607379],[-54.457569,-31.606589],[-54.456058,-31.603462],[-54.452299,-31.603613],[-54.453369,-31.599923],[-54.458998,-31.594223],[-54.462367,-31.590815],[-54.467481,-31.592448],[-54.468582,-31.5928],[-54.469275,-31.589481],[-54.469475,-31.588524],[-54.472646,-31.575435],[-54.473757,-31.570387],[-54.480191,-31.569948],[-54.481825,-31.568725],[-54.486612,-31.56514],[-54.488935,-31.563239],[-54.492664,-31.559075],[-54.49156,-31.555087],[-54.490741,-31.553156],[-54.490296,-31.552111],[-54.497484,-31.539944],[-54.499216,-31.537506],[-54.501756,-31.532724],[-54.50909,-31.520979],[-54.513149,-31.513878],[-54.517658,-31.510589],[-54.520122,-31.508945],[-54.523635,-31.509211],[-54.523686,-31.509215],[-54.5237,-31.509174],[-54.524708,-31.506257],[-54.532921,-31.501528],[-54.535335,-31.497491],[-54.539355,-31.496797],[-54.54292,-31.495401],[-54.545855,-31.492504],[-54.552112,-31.493416],[-54.552121,-31.493418],[-54.556576,-31.494571],[-54.559661,-31.489877],[-54.568709,-31.48363],[-54.573863,-31.48191],[-54.57559,-31.478467],[-54.578618,-31.471951],[-54.580617,-31.46765],[-54.582276,-31.464095],[-54.584167,-31.460756],[-54.5849,-31.457696],[-54.6298,-31.455921],[-54.669223,-31.454363],[-54.672375,-31.452574],[-54.674812,-31.450393],[-54.678578,-31.446887],[-54.682479,-31.444548],[-54.689431,-31.444764],[-54.694258,-31.444824],[-54.700567,-31.436614],[-54.71032,-31.439556],[-54.713405,-31.439389],[-54.718413,-31.439992],[-54.721402,-31.434314],[-54.722259,-31.432481],[-54.72298,-31.430937],[-54.733239,-31.428661],[-54.737449,-31.427835],[-54.741029,-31.428069],[-54.748017,-31.427756],[-54.757982,-31.425106],[-54.763172,-31.426235],[-54.763843,-31.426372],[-54.774123,-31.428474],[-54.781743,-31.431529],[-54.788535,-31.433038],[-54.797579,-31.431374],[-54.797927,-31.431303],[-54.804325,-31.430017],[-54.806274,-31.431372],[-54.810598,-31.434376],[-54.826581,-31.436313],[-54.831329,-31.439217],[-54.835256,-31.441428],[-54.843482,-31.432806],[-54.845698,-31.430022],[-54.853158,-31.422224],[-54.855994,-31.417752],[-54.859564,-31.417618],[-54.857978,-31.412136],[-54.856737,-31.407848],[-54.86292,-31.404084],[-54.867091,-31.40202],[-54.867603,-31.401806],[-54.877072,-31.397865],[-54.879818,-31.393299],[-54.882663,-31.388566],[-54.883633,-31.385178],[-54.884927,-31.381668],[-54.889533,-31.375635],[-54.898484,-31.376539],[-54.896844,-31.381198],[-54.897059,-31.381289],[-54.903244,-31.383891],[-54.913295,-31.380894],[-54.914926,-31.380508],[-54.919931,-31.379322],[-54.922486,-31.380728],[-54.926509,-31.382941],[-54.930117,-31.383628],[-54.934943,-31.383292],[-54.937923,-31.380692],[-54.9374,-31.374671],[-54.936797,-31.373552],[-54.93431,-31.368944],[-54.933836,-31.365905],[-54.93402,-31.358916],[-54.93341,-31.355397],[-54.937021,-31.352897],[-54.940658,-31.353784],[-54.946846,-31.352274],[-54.947602,-31.352089],[-54.950186,-31.350536],[-54.951587,-31.353442],[-54.954944,-31.3517],[-54.958434,-31.351342],[-54.959152,-31.345854],[-54.958807,-31.341954],[-54.954677,-31.340188],[-54.95187,-31.338988],[-54.953191,-31.330651],[-54.957289,-31.323252],[-54.962701,-31.31991],[-54.969539,-31.317512],[-54.973909,-31.315979],[-54.973921,-31.315982],[-54.977925,-31.3168],[-54.980228,-31.311372],[-54.978832,-31.304061],[-54.978492,-31.302286],[-54.981568,-31.295863],[-54.986973,-31.292276],[-54.987513,-31.291917],[-54.993724,-31.288371],[-54.993644,-31.286124],[-54.993525,-31.282792],[-54.997983,-31.282071],[-54.999896,-31.274776],[-55.005921,-31.267785],[-55.010334,-31.268453],[-55.014829,-31.267908],[-55.018937,-31.267031],[-55.022289,-31.268105],[-55.026041,-31.268457],[-55.030574,-31.269544],[-55.035255,-31.275073],[-55.030478,-31.278467],[-55.034523,-31.283556],[-55.032732,-31.286566],[-55.032387,-31.287665],[-55.031779,-31.289601],[-55.034543,-31.292345],[-55.037903,-31.299008],[-55.041283,-31.305608],[-55.046385,-31.307653],[-55.051006,-31.311886],[-55.057365,-31.314551],[-55.056634,-31.322071],[-55.060507,-31.324358],[-55.05934,-31.331112],[-55.063405,-31.330706],[-55.07324,-31.331873],[-55.079606,-31.326851],[-55.089294,-31.320164],[-55.097706,-31.314558],[-55.097766,-31.314533],[-55.101641,-31.312942],[-55.106924,-31.30928],[-55.112471,-31.309616],[-55.112914,-31.309766],[-55.117515,-31.311325],[-55.120921,-31.312476],[-55.122433,-31.309765],[-55.125839,-31.303661],[-55.12615,-31.303103],[-55.126746,-31.302036],[-55.130039,-31.301621],[-55.135355,-31.300951],[-55.144796,-31.29532],[-55.150999,-31.292766],[-55.154821,-31.285959],[-55.155359,-31.285],[-55.155966,-31.28502],[-55.162155,-31.285227],[-55.164002,-31.280642],[-55.162597,-31.279586],[-55.161713,-31.27892],[-55.163613,-31.275286],[-55.167773,-31.270887],[-55.173251,-31.268387],[-55.178298,-31.268772],[-55.181878,-31.265924],[-55.192623,-31.263652],[-55.198568,-31.262699],[-55.19993,-31.262558],[-55.210765,-31.26144],[-55.226262,-31.259326],[-55.233321,-31.259566],[-55.237892,-31.259963],[-55.238351,-31.256762],[-55.238879,-31.253479],[-55.238964,-31.252952],[-55.23917,-31.252866],[-55.242743,-31.251373],[-55.247187,-31.246525],[-55.24739,-31.241117],[-55.247031,-31.227491],[-55.24697,-31.223664],[-55.246969,-31.223628],[-55.247127,-31.219282],[-55.247273,-31.215688],[-55.251088,-31.212264],[-55.249081,-31.20599],[-55.254679,-31.200846],[-55.261762,-31.194394],[-55.265756,-31.194629],[-55.26588,-31.194622],[-55.271123,-31.194325],[-55.276938,-31.194059],[-55.280994,-31.193649],[-55.283951,-31.184736],[-55.279738,-31.182406],[-55.275008,-31.179212],[-55.274828,-31.179111],[-55.270054,-31.176422],[-55.273415,-31.170132],[-55.279854,-31.167686],[-55.281308,-31.166928],[-55.284235,-31.165402],[-55.288007,-31.163413],[-55.287583,-31.159402],[-55.286184,-31.15776],[-55.284312,-31.155561],[-55.286541,-31.151049],[-55.288011,-31.148238],[-55.289614,-31.143017],[-55.295331,-31.142928],[-55.299034,-31.142024],[-55.304657,-31.142414],[-55.30662,-31.143754],[-55.309961,-31.146033],[-55.316941,-31.14444],[-55.318095,-31.140004],[-55.321566,-31.136084],[-55.325354,-31.13716],[-55.337664,-31.132185],[-55.337031,-31.128271],[-55.336552,-31.125476],[-55.335348,-31.119322],[-55.331544,-31.117473],[-55.329736,-31.112575],[-55.331966,-31.103291],[-55.330944,-31.097253],[-55.330589,-31.09515],[-55.328999,-31.092735],[-55.326434,-31.087919],[-55.330923,-31.086231],[-55.338045,-31.084651],[-55.34503,-31.073865],[-55.347252,-31.071094],[-55.34906,-31.067404],[-55.349392,-31.067748],[-55.351466,-31.0699],[-55.356974,-31.066784],[-55.355892,-31.063134],[-55.35353,-31.061131],[-55.353187,-31.060276],[-55.351826,-31.056883],[-55.351264,-31.051121],[-55.349819,-31.037379],[-55.358,-31.039698],[-55.361896,-31.037883],[-55.362919,-31.03722],[-55.367402,-31.034316],[-55.369657,-31.030659],[-55.369934,-31.029919],[-55.370816,-31.02757],[-55.373186,-31.018942],[-55.376037,-31.02132],[-55.379382,-31.02319],[-55.385432,-31.020638],[-55.390392,-31.023834],[-55.39254,-31.024965],[-55.396181,-31.026885],[-55.399341,-31.027718],[-55.403946,-31.026901],[-55.405575,-31.0182],[-55.414718,-31.014266],[-55.420381,-31.015643],[-55.424418,-31.011284],[-55.428729,-31.008998],[-55.436031,-31.003914],[-55.434987,-30.993286],[-55.430732,-30.992248],[-55.430634,-30.992163],[-55.428525,-30.990343],[-55.425172,-30.985188],[-55.429243,-30.977349],[-55.432377,-30.972366],[-55.437128,-30.972123],[-55.437961,-30.965267],[-55.439943,-30.960404],[-55.450863,-30.959661],[-55.456244,-30.950758],[-55.461421,-30.951674],[-55.466162,-30.952513],[-55.477088,-30.953094],[-55.48552,-30.946852],[-55.488705,-30.938488],[-55.487785,-30.934959],[-55.487446,-30.933613],[-55.485698,-30.926681],[-55.488281,-30.924787],[-55.492426,-30.924617],[-55.495811,-30.924957],[-55.49716,-30.925008],[-55.49911,-30.925083],[-55.503692,-30.921824],[-55.505354,-30.916711],[-55.507661,-30.909612],[-55.50833,-30.905965],[-55.508405,-30.902252],[-55.52275,-30.89833],[-55.524167,-30.898638],[-55.526159,-30.89907],[-55.531873,-30.901119],[-55.532895,-30.897263],[-55.536833,-30.89407],[-55.544584,-30.890083],[-55.548761,-30.882878],[-55.549641,-30.880851],[-55.549939,-30.880164],[-55.552706,-30.873908],[-55.55602,-30.87185],[-55.56228,-30.867962],[-55.562183,-30.863155],[-55.562178,-30.862947],[-55.562214,-30.857018],[-55.562623,-30.853262],[-55.563823,-30.850533],[-55.565828,-30.845745],[-55.569941,-30.844496],[-55.57655,-30.840119],[-55.576618,-30.836992],[-55.576558,-30.833231],[-55.582385,-30.835178],[-55.586209,-30.84132],[-55.595087,-30.84542],[-55.599505,-30.84727],[-55.603621,-30.848994],[-55.608381,-30.847522],[-55.609522,-30.84717],[-55.620812,-30.843738],[-55.62511,-30.846573],[-55.627441,-30.848906],[-55.636111,-30.84715],[-55.644032,-30.854391],[-55.643719,-30.858825],[-55.648021,-30.864068],[-55.654866,-30.864634],[-55.659604,-30.868835],[-55.662233,-30.872837],[-55.658475,-30.876353],[-55.653585,-30.881315],[-55.651886,-30.883039],[-55.654259,-30.885049],[-55.654113,-30.88786],[-55.654021,-30.889655],[-55.652952,-30.895199],[-55.652457,-30.895914],[-55.650949,-30.898095],[-55.649042,-30.90146],[-55.647393,-30.904032],[-55.641594,-30.910747],[-55.645092,-30.918378],[-55.649187,-30.922142],[-55.64994,-30.9225],[-55.654928,-30.92487],[-55.659168,-30.931635],[-55.660807,-30.936452],[-55.660015,-30.938095],[-55.65888,-30.940449],[-55.658253,-30.944482],[-55.660998,-30.947645],[-55.664713,-30.952025],[-55.670073,-30.954544],[-55.675827,-30.955495],[-55.686701,-30.952051],[-55.687351,-30.94868],[-55.68813,-30.944646],[-55.691608,-30.944033],[-55.694526,-30.944412],[-55.697939,-30.948535],[-55.698273,-30.948952],[-55.702349,-30.954053],[-55.708677,-30.954009],[-55.710648,-30.951027],[-55.716255,-30.942545],[-55.721692,-30.942736],[-55.720721,-30.947826],[-55.721615,-30.953441],[-55.722875,-30.960976],[-55.723938,-30.965868],[-55.724115,-30.96668],[-55.726484,-30.968805],[-55.728791,-30.972097],[-55.727741,-30.979104],[-55.73216,-30.979704],[-55.737657,-30.979977],[-55.739629,-30.980075],[-55.743603,-30.980356],[-55.74539,-30.985445],[-55.746074,-30.986933],[-55.748769,-30.992795],[-55.75279,-30.997847],[-55.757097,-30.997816],[-55.759391,-30.997937],[-55.761202,-30.998033],[-55.765566,-30.997453],[-55.770228,-30.997393],[-55.770556,-31.000614],[-55.769349,-31.004465],[-55.767585,-31.010091],[-55.774195,-31.013501],[-55.778894,-31.015397],[-55.794503,-31.015259],[-55.796235,-31.015286],[-55.80677,-31.015453],[-55.810838,-31.015308],[-55.81148,-31.020724],[-55.81367,-31.024562],[-55.814448,-31.025453],[-55.81739,-31.028821],[-55.82427,-31.037873],[-55.829192,-31.043305],[-55.836785,-31.042448],[-55.840277,-31.042399],[-55.847046,-31.042303],[-55.851146,-31.043596],[-55.854268,-31.044649],[-55.856996,-31.049186],[-55.860645,-31.055336],[-55.860705,-31.055438],[-55.869236,-31.069749],[-55.881799,-31.076407],[-55.889904,-31.076434],[-55.893168,-31.072417],[-55.893969,-31.071431],[-55.898229,-31.066174],[-55.90981,-31.074529],[-55.923718,-31.076253],[-55.926149,-31.07911],[-55.927192,-31.080336],[-55.930659,-31.084679],[-55.935684,-31.085382],[-55.952479,-31.080179],[-55.961254,-31.077599],[-55.963414,-31.076964],[-55.977668,-31.073127],[-55.98079,-31.074539],[-55.98489,-31.076392],[-55.990954,-31.083462],[-56.009416,-31.080787],[-56.008566,-31.074331],[-56.008287,-31.070915],[-56.009956,-31.067129],[-56.012223,-31.061988],[-56.012385,-31.061619],[-56.013158,-31.058799],[-56.014685,-31.054606],[-56.018074,-31.047251],[-56.018236,-31.043972],[-56.018029,-31.037949],[-56.017593,-31.033514],[-56.017121,-31.028207],[-56.016453,-31.008958],[-56.015888,-31.005278],[-56.015208,-30.999851],[-56.011833,-30.99328],[-56.010876,-30.991736],[-56.009421,-30.98939],[-56.006337,-30.98319],[-56.009284,-30.977983],[-56.004963,-30.972821],[-56.009361,-30.968691],[-56.009472,-30.968168],[-56.010683,-30.962418],[-56.011903,-30.953467],[-56.009044,-30.947429],[-56.008861,-30.947041],[-56.009041,-30.946917],[-56.013989,-30.943484],[-56.012514,-30.939841],[-56.009418,-30.932532],[-56.008837,-30.930585],[-56.008587,-30.929749],[-56.006608,-30.924905],[-56.004826,-30.92193],[-56.006268,-30.918136],[-56.008123,-30.91448],[-56.009193,-30.912371],[-56.008949,-30.908908],[-56.008107,-30.902174],[-56.007088,-30.894018],[-55.999543,-30.881729],[-55.999206,-30.881232],[-55.99393,-30.873439],[-55.989674,-30.86619],[-55.988977,-30.858455],[-55.991161,-30.852518],[-55.992795,-30.846034],[-55.997142,-30.843998],[-56.002833,-30.840162],[-56.003009,-30.840043],[-56.003498,-30.838195],[-56.004436,-30.834645],[-56.007095,-30.825067],[-56.007854,-30.82062],[-56.01012,-30.820056],[-56.015966,-30.818604],[-56.015947,-30.814989],[-56.015506,-30.811841],[-56.015029,-30.811379],[-56.011996,-30.808447],[-56.011265,-30.80504],[-56.015627,-30.80193],[-56.021436,-30.80005],[-56.022717,-30.799635],[-56.022491,-30.798185],[-56.021518,-30.791918],[-56.02236,-30.786057],[-56.029773,-30.784948],[-56.031265,-30.784822],[-56.034106,-30.784582],[-56.035594,-30.781812],[-56.03681,-30.779549],[-56.037554,-30.776805],[-56.044828,-30.775393],[-56.046107,-30.775144],[-56.049997,-30.776691],[-56.061715,-30.77294],[-56.065428,-30.767573],[-56.065584,-30.763076],[-56.065325,-30.762307],[-56.064037,-30.758489],[-56.064125,-30.752535],[-56.065874,-30.748291],[-56.069153,-30.746878],[-56.073934,-30.745889],[-56.079803,-30.750318],[-56.084202,-30.754098],[-56.085267,-30.755013],[-56.089781,-30.756123],[-56.094578,-30.753813],[-56.099749,-30.745995],[-56.101116,-30.743929],[-56.102177,-30.741087],[-56.107348,-30.732622],[-56.110605,-30.732703],[-56.115155,-30.734973],[-56.11803,-30.736407],[-56.124111,-30.739178],[-56.12772,-30.738117],[-56.129777,-30.73425],[-56.13172,-30.73149],[-56.130553,-30.726851],[-56.129616,-30.723698],[-56.12886,-30.72229],[-56.127887,-30.720481],[-56.129824,-30.716994],[-56.131681,-30.712626],[-56.136055,-30.710723],[-56.136849,-30.71042],[-56.14979,-30.705495],[-56.148803,-30.693391],[-56.148134,-30.692919],[-56.141699,-30.688383],[-56.13684,-30.68611],[-56.142619,-30.680048],[-56.146584,-30.680486],[-56.150545,-30.679956],[-56.156633,-30.673937],[-56.161973,-30.66866],[-56.166113,-30.663098],[-56.169366,-30.654352],[-56.168338,-30.650096],[-56.167863,-30.648718],[-56.165083,-30.640651],[-56.174372,-30.633737],[-56.174833,-30.633393],[-56.179903,-30.630578],[-56.181892,-30.625064],[-56.179179,-30.622673],[-56.176749,-30.620532],[-56.169573,-30.614842],[-56.176553,-30.611641],[-56.190504,-30.603868],[-56.208008,-30.606484],[-56.208908,-30.606618],[-56.213541,-30.607425],[-56.219194,-30.607062],[-56.221649,-30.60129],[-56.223035,-30.598839],[-56.223716,-30.597633],[-56.225241,-30.596815],[-56.231856,-30.593267],[-56.232583,-30.59008],[-56.233245,-30.587182],[-56.226598,-30.585067],[-56.225831,-30.578004],[-56.237513,-30.573643],[-56.247137,-30.575967],[-56.247204,-30.575983],[-56.251225,-30.58179],[-56.254778,-30.58709],[-56.259528,-30.585526],[-56.261773,-30.582376],[-56.260345,-30.569983],[-56.256239,-30.566892],[-56.257417,-30.563205],[-56.257967,-30.561487],[-56.260157,-30.559804],[-56.26621,-30.555154],[-56.275745,-30.560732],[-56.280335,-30.560251],[-56.27904,-30.556167],[-56.278667,-30.553019],[-56.280253,-30.549982],[-56.284397,-30.544434],[-56.28792,-30.539372],[-56.288227,-30.534693],[-56.28845,-30.53129],[-56.287589,-30.526271],[-56.291897,-30.520879],[-56.296049,-30.524667],[-56.300249,-30.527425],[-56.304324,-30.529213],[-56.307009,-30.530392],[-56.310565,-30.530445],[-56.313951,-30.529958],[-56.317864,-30.530209],[-56.320921,-30.530337],[-56.32756,-30.529399],[-56.335583,-30.523609],[-56.335467,-30.519536],[-56.335121,-30.516506],[-56.334949,-30.515437],[-56.334271,-30.511232],[-56.338578,-30.509282],[-56.346589,-30.505182],[-56.348999,-30.499037],[-56.349927,-30.496231],[-56.352517,-30.49303],[-56.357692,-30.492275],[-56.362676,-30.492263],[-56.361955,-30.495031],[-56.361753,-30.495808],[-56.360876,-30.499716],[-56.365113,-30.502295],[-56.375086,-30.500192],[-56.379611,-30.499177],[-56.382801,-30.497735],[-56.384425,-30.495017],[-56.387225,-30.49234],[-56.383575,-30.491336],[-56.385139,-30.488345],[-56.385449,-30.48775],[-56.388651,-30.485042],[-56.389356,-30.485087],[-56.391612,-30.48523],[-56.394109,-30.485388],[-56.394281,-30.481572],[-56.395331,-30.476533],[-56.395324,-30.473584],[-56.395318,-30.471266],[-56.396227,-30.471844],[-56.399584,-30.473984],[-56.404898,-30.468618],[-56.405882,-30.460666],[-56.402818,-30.45925],[-56.402764,-30.459244],[-56.39947,-30.458856],[-56.396726,-30.450492],[-56.403733,-30.446569],[-56.408377,-30.444331],[-56.411503,-30.439103],[-56.414887,-30.430697],[-56.419098,-30.43126],[-56.423985,-30.43421],[-56.424612,-30.434589],[-56.4371,-30.43185],[-56.444994,-30.426594],[-56.451816,-30.422053],[-56.44847,-30.418773],[-56.447275,-30.417728],[-56.443608,-30.414524],[-56.446269,-30.410068],[-56.452367,-30.399854],[-56.454097,-30.391265],[-56.458152,-30.385239],[-56.460961,-30.384459],[-56.465376,-30.38574],[-56.472524,-30.388642],[-56.474181,-30.389485],[-56.477902,-30.391379],[-56.482002,-30.398164],[-56.488169,-30.398617],[-56.490198,-30.396156],[-56.494863,-30.386387],[-56.504792,-30.381246],[-56.504137,-30.376635],[-56.503109,-30.371986],[-56.502846,-30.370796],[-56.505847,-30.368068],[-56.510297,-30.365383],[-56.513895,-30.363184],[-56.520365,-30.358508],[-56.522354,-30.358729],[-56.527219,-30.359269],[-56.533846,-30.359005],[-56.540247,-30.359705],[-56.544527,-30.358389],[-56.543399,-30.355113],[-56.543884,-30.350935],[-56.548733,-30.345567],[-56.550562,-30.34312],[-56.545067,-30.33957],[-56.542185,-30.337597],[-56.541247,-30.336954],[-56.535788,-30.333631],[-56.536403,-30.330232],[-56.537604,-30.326498],[-56.538876,-30.319619],[-56.539374,-30.314022],[-56.545212,-30.310924],[-56.546549,-30.311857],[-56.548195,-30.313005],[-56.548673,-30.313338],[-56.550762,-30.314794],[-56.552389,-30.315953],[-56.556101,-30.318597],[-56.570499,-30.305939],[-56.574051,-30.301525],[-56.574586,-30.295479],[-56.575213,-30.288405],[-56.590312,-30.293601],[-56.594127,-30.294914],[-56.603006,-30.293451],[-56.610577,-30.300386],[-56.616199,-30.300816],[-56.618803,-30.293781],[-56.616495,-30.292071],[-56.609954,-30.286296],[-56.60529,-30.282178],[-56.61275,-30.261051],[-56.619084,-30.264506],[-56.620016,-30.26487],[-56.623076,-30.266066],[-56.626481,-30.267039],[-56.636624,-30.255806],[-56.631529,-30.254392],[-56.628111,-30.252719],[-56.627489,-30.25202],[-56.62414,-30.248259],[-56.640816,-30.234175],[-56.647854,-30.221456],[-56.659533,-30.221173],[-56.664522,-30.220769],[-56.666903,-30.217518],[-56.663383,-30.216083],[-56.660665,-30.214921],[-56.65539,-30.212445],[-56.652511,-30.211268],[-56.645688,-30.208476],[-56.644868,-30.204358],[-56.649875,-30.20682],[-56.653743,-30.203662],[-56.658236,-30.199994],[-56.662317,-30.197657],[-56.672458,-30.199499],[-56.676762,-30.200281],[-56.679105,-30.197238],[-56.680396,-30.19556],[-56.68241,-30.196113],[-56.683629,-30.196448],[-56.687491,-30.19933],[-56.690862,-30.201953],[-56.694869,-30.204365],[-56.704347,-30.192863],[-56.707401,-30.188404],[-56.706935,-30.185816],[-56.705184,-30.176087],[-56.717416,-30.180006],[-56.718195,-30.180255],[-56.721206,-30.177904],[-56.729345,-30.171551],[-56.734199,-30.170327],[-56.736241,-30.169569],[-56.741435,-30.167641],[-56.748335,-30.165079],[-56.758212,-30.160659],[-56.761084,-30.161262],[-56.761605,-30.161371],[-56.767619,-30.16269],[-56.771734,-30.163449],[-56.775453,-30.16366],[-56.780855,-30.157746],[-56.78334,-30.152564],[-56.781985,-30.14832],[-56.780455,-30.144692],[-56.779865,-30.142562],[-56.777135,-30.132704],[-56.778938,-30.127048],[-56.788612,-30.124158],[-56.791054,-30.123428],[-56.795911,-30.12242],[-56.800484,-30.119723],[-56.800669,-30.115348],[-56.800707,-30.114461],[-56.802209,-30.108741],[-56.806614,-30.103732],[-56.810533,-30.106064],[-56.812906,-30.106408],[-56.814668,-30.106662],[-56.818571,-30.104596],[-56.819545,-30.101557],[-56.819698,-30.10108],[-56.821893,-30.096925],[-56.834198,-30.092097],[-56.853573,-30.088983],[-56.861679,-30.089378],[-56.863827,-30.090478],[-56.869404,-30.093331],[-56.872085,-30.091328],[-56.872098,-30.091081],[-56.872304,-30.087297],[-56.87754,-30.087388],[-56.884295,-30.087594],[-56.897718,-30.106364],[-56.903344,-30.111935],[-56.90379,-30.108067],[-56.909885,-30.109895],[-56.913151,-30.109543],[-56.912173,-30.105807],[-56.911638,-30.103966],[-56.911204,-30.102469],[-56.913207,-30.100111],[-56.916773,-30.096265],[-56.92581,-30.09512],[-56.931997,-30.093851],[-56.938082,-30.096152],[-56.941191,-30.097242],[-56.944975,-30.098336],[-56.946176,-30.098683],[-56.955302,-30.101158],[-56.97678,-30.09655],[-56.979752,-30.092288],[-56.980228,-30.091203],[-56.981427,-30.088472],[-56.992287,-30.086089],[-56.999309,-30.086747],[-57.022234,-30.087662],[-57.02772,-30.092065],[-57.029471,-30.09824],[-57.02949,-30.098285],[-57.030805,-30.101478],[-57.03622,-30.103362],[-57.039269,-30.104319],[-57.043632,-30.105133],[-57.055857,-30.099159],[-57.064083,-30.100777],[-57.066922,-30.100322],[-57.066019,-30.09312],[-57.065782,-30.091233],[-57.062448,-30.090558],[-57.063076,-30.086801],[-57.068388,-30.086379],[-57.071609,-30.088622],[-57.075061,-30.091076],[-57.078623,-30.094004],[-57.084495,-30.099622],[-57.086429,-30.104318],[-57.08853,-30.109456],[-57.087165,-30.111511],[-57.085521,-30.113986],[-57.087975,-30.120071],[-57.09332,-30.120978],[-57.094127,-30.117271],[-57.09442,-30.11592],[-57.103325,-30.114928],[-57.106134,-30.11528],[-57.109778,-30.114684],[-57.114365,-30.113919],[-57.112702,-30.123217],[-57.110189,-30.127614],[-57.106867,-30.126412],[-57.105153,-30.126142],[-57.10398,-30.125958],[-57.104072,-30.128894],[-57.104918,-30.131916],[-57.104697,-30.135073],[-57.107174,-30.138106],[-57.110909,-30.143116],[-57.11372,-30.144806],[-57.117024,-30.144457],[-57.122135,-30.142812],[-57.127481,-30.141091],[-57.134468,-30.154107],[-57.137908,-30.160553],[-57.138928,-30.162485],[-57.142576,-30.169394],[-57.14422,-30.172758],[-57.14723,-30.175843],[-57.148451,-30.177094],[-57.157045,-30.185146],[-57.15886,-30.191554],[-57.161395,-30.195172],[-57.167328,-30.198747],[-57.167449,-30.20233],[-57.167571,-30.206577],[-57.164369,-30.213077],[-57.165428,-30.21643],[-57.163645,-30.220732],[-57.163134,-30.221967],[-57.155932,-30.234236],[-57.16048,-30.242211],[-57.164385,-30.241902],[-57.165643,-30.241803],[-57.166109,-30.243201],[-57.167317,-30.246819],[-57.168303,-30.24986],[-57.174869,-30.251501],[-57.181876,-30.255147],[-57.184471,-30.257085],[-57.186686,-30.258692],[-57.189122,-30.26046],[-57.19412,-30.264217],[-57.195621,-30.268235],[-57.198831,-30.276827],[-57.200423,-30.279862],[-57.201727,-30.284624],[-57.21265,-30.288418],[-57.217518,-30.289403],[-57.221324,-30.289849],[-57.230741,-30.289678],[-57.246939,-30.290134],[-57.250393,-30.287509],[-57.253464,-30.283778],[-57.253238,-30.280196],[-57.252936,-30.275417],[-57.255677,-30.267353],[-57.259272,-30.267033],[-57.267749,-30.272927],[-57.26779,-30.280435],[-57.267929,-30.282006],[-57.268087,-30.28378],[-57.277002,-30.292003],[-57.279579,-30.293707],[-57.283492,-30.292159],[-57.287783,-30.290354],[-57.294813,-30.283275],[-57.298964,-30.275505],[-57.300702,-30.268796],[-57.306175,-30.259879],[-57.309565,-30.257102],[-57.314678,-30.259305],[-57.317468,-30.265052],[-57.317695,-30.265454],[-57.320364,-30.27019],[-57.338923,-30.275104],[-57.343897,-30.277657],[-57.349624,-30.28358],[-57.35378,-30.28362],[-57.356118,-30.279223],[-57.357924,-30.27566],[-57.359712,-30.272132],[-57.368554,-30.272695],[-57.382505,-30.288135],[-57.385647,-30.291672],[-57.386225,-30.295118],[-57.386923,-30.299283],[-57.388363,-30.30242],[-57.393939,-30.304323],[-57.40941,-30.300296],[-57.41512,-30.301888],[-57.417902,-30.300941],[-57.420108,-30.290431],[-57.418861,-30.288173],[-57.417591,-30.285874],[-57.414986,-30.27938],[-57.428001,-30.274898],[-57.440091,-30.275495],[-57.445387,-30.275993],[-57.445442,-30.275993],[-57.451216,-30.275964],[-57.454677,-30.273128],[-57.456437,-30.271134],[-57.460192,-30.266881],[-57.464812,-30.264769],[-57.476786,-30.265325],[-57.485487,-30.267354],[-57.488461,-30.269327],[-57.490091,-30.272316],[-57.4917,-30.275411],[-57.492975,-30.278581],[-57.493012,-30.278673],[-57.495466,-30.28476],[-57.497706,-30.28717],[-57.501017,-30.287471],[-57.518966,-30.286057],[-57.523308,-30.285215],[-57.534811,-30.279811],[-57.54844,-30.273408],[-57.554726,-30.263763],[-57.561076,-30.260828],[-57.566017,-30.256763],[-57.565783,-30.250047],[-57.563524,-30.244948],[-57.559612,-30.241595],[-57.558812,-30.240909],[-57.556785,-30.236631],[-57.555055,-30.219674],[-57.556548,-30.212028],[-57.558806,-30.210938],[-57.562782,-30.20902],[-57.565919,-30.207728],[-57.56694,-30.207308],[-57.608815,-30.189095],[-57.625593,-30.186792],[-57.629295,-30.186965],[-57.634181,-30.188756],[-57.63735,-30.189917],[-57.641889,-30.191667],[-57.642721,-30.188407],[-57.641421,-30.185467],[-57.635461,-30.175666],[-57.632427,-30.174175],[-57.624955,-30.173927],[-57.61191,-30.175163],[-57.60839,-30.176591],[-57.596223,-30.17682],[-57.595182,-30.176766],[-57.592858,-30.176647],[-57.582572,-30.174725],[-57.574747,-30.173263],[-57.565642,-30.170125],[-57.560157,-30.16807],[-57.54756,-30.163277],[-57.542025,-30.160363],[-57.529577,-30.153038],[-57.507305,-30.138988],[-57.504842,-30.137444],[-57.496222,-30.132042],[-57.491198,-30.128894],[-57.481598,-30.123253],[-57.465791,-30.110292],[-57.46366,-30.108224],[-57.461364,-30.105921],[-57.459871,-30.103283],[-57.458346,-30.099864],[-57.451186,-30.083829],[-57.448271,-30.076962],[-57.445874,-30.071823],[-57.434468,-30.057377],[-57.431652,-30.054343],[-57.429621,-30.052322],[-57.408046,-30.033541],[-57.405398,-30.031235],[-57.400656,-30.028273],[-57.381813,-30.017881],[-57.373238,-30.015064],[-57.368214,-30.013414],[-57.345234,-30.002758],[-57.335369,-29.989659],[-57.329926,-29.980076],[-57.327763,-29.971573],[-57.326855,-29.966723],[-57.325956,-29.961923],[-57.324593,-29.950054],[-57.323574,-29.941338],[-57.322587,-29.936299],[-57.322119,-29.928854],[-57.322715,-29.924258],[-57.324012,-29.914242],[-57.326381,-29.904513],[-57.327897,-29.898293],[-57.328236,-29.894709],[-57.32758,-29.882686],[-57.327141,-29.87985],[-57.325261,-29.876489],[-57.317649,-29.865734],[-57.294188,-29.831238],[-57.289948,-29.827598],[-57.287279,-29.825308],[-57.277701,-29.817088],[-57.26203,-29.804655],[-57.242732,-29.788851],[-57.237712,-29.785621],[-57.233748,-29.783194],[-57.230117,-29.780972],[-57.226799,-29.778941],[-57.220345,-29.776853],[-57.213724,-29.77773],[-57.207701,-29.778527],[-57.204369,-29.778968],[-57.199552,-29.779605],[-57.169171,-29.780256],[-57.165059,-29.779168],[-57.160947,-29.778079],[-57.133197,-29.77014],[-57.128121,-29.768275],[-57.121331,-29.764398],[-57.111359,-29.756859],[-57.100973,-29.748991],[-57.070309,-29.722306],[-57.050538,-29.705389],[-57.047833,-29.703387],[-57.045427,-29.701866],[-57.044377,-29.701341],[-57.036567,-29.697437],[-57.025409,-29.686345],[-57.018599,-29.679575],[-57.017255,-29.676231],[-57.013511,-29.666909],[-57.009262,-29.659993],[-57.006505,-29.656765],[-57.00454,-29.654463],[-56.991125,-29.645712],[-56.984605,-29.644564],[-56.974263,-29.642742],[-56.969849,-29.640769],[-56.967514,-29.638603],[-56.965083,-29.632658],[-56.966346,-29.625908],[-56.968106,-29.622605],[-56.970846,-29.617464],[-56.969263,-29.605798],[-56.967066,-29.599655],[-56.953681,-29.583019],[-56.947105,-29.57715],[-56.935952,-29.571219],[-56.935565,-29.570858],[-56.933316,-29.568764],[-56.925648,-29.560459],[-56.921642,-29.555559],[-56.919063,-29.552492],[-56.918606,-29.551974],[-56.906115,-29.537803],[-56.903559,-29.53528],[-56.899332,-29.532256],[-56.897246,-29.531039],[-56.896841,-29.530803],[-56.890054,-29.526871],[-56.887108,-29.524917],[-56.882783,-29.52095],[-56.875653,-29.514408],[-56.86607,-29.509046],[-56.86342,-29.507962],[-56.857634,-29.505597],[-56.849995,-29.502474],[-56.843224,-29.498764],[-56.815862,-29.482005],[-56.810051,-29.47607],[-56.80696,-29.46938],[-56.801501,-29.452902],[-56.797383,-29.448117],[-56.782911,-29.437551],[-56.781792,-29.436442],[-56.779464,-29.434136],[-56.776987,-29.431214],[-56.776209,-29.427158],[-56.777735,-29.419659],[-56.77778,-29.419441],[-56.777943,-29.418769],[-56.77861,-29.416022],[-56.779036,-29.410512],[-56.775225,-29.397823],[-56.773552,-29.39271],[-56.76914,-29.380937],[-56.765593,-29.377059],[-56.762847,-29.374388],[-56.754994,-29.370046],[-56.751941,-29.369545],[-56.719667,-29.365458],[-56.718517,-29.365351],[-56.711077,-29.364658],[-56.705141,-29.36133],[-56.702787,-29.357935],[-56.695168,-29.345445],[-56.69316,-29.341559],[-56.691518,-29.338894],[-56.675887,-29.313527],[-56.667416,-29.299294],[-56.654157,-29.277015],[-56.646465,-29.258919],[-56.648473,-29.249465],[-56.650566,-29.239913],[-56.651328,-29.2349],[-56.652121,-29.226786],[-56.6523,-29.224964],[-56.652159,-29.219879],[-56.643408,-29.196574],[-56.641464,-29.193408],[-56.637748,-29.190092],[-56.635688,-29.188254],[-56.626002,-29.179609],[-56.622181,-29.17557],[-56.606912,-29.157883],[-56.604543,-29.154873],[-56.602222,-29.149468],[-56.59233,-29.126432],[-56.588854,-29.119621],[-56.581767,-29.116178],[-56.575453,-29.114343],[-56.570321,-29.112944],[-56.555495,-29.113598],[-56.549664,-29.113854],[-56.541245,-29.112987],[-56.537765,-29.110674],[-56.532879,-29.106964],[-56.526003,-29.10174],[-56.524271,-29.100425],[-56.515754,-29.093826],[-56.512461,-29.09213],[-56.506838,-29.089288],[-56.500012,-29.087506],[-56.465425,-29.083166],[-56.430973,-29.078935],[-56.422311,-29.076592],[-56.416872,-29.074238],[-56.413467,-29.07074],[-56.410411,-29.056659],[-56.41007,-29.049986],[-56.40997,-29.048029],[-56.407573,-29.040035],[-56.401126,-29.027924],[-56.397782,-29.021644],[-56.395715,-29.017741],[-56.397521,-29.013742],[-56.398928,-29.012567],[-56.414221,-28.999785],[-56.412984,-28.990339],[-56.408985,-28.976621],[-56.402589,-28.968241],[-56.394202,-28.958137],[-56.386358,-28.953426],[-56.38048,-28.949426],[-56.376827,-28.949464],[-56.370209,-28.947328],[-56.362428,-28.944255],[-56.355629,-28.942353],[-56.349539,-28.940649],[-56.346221,-28.939701],[-56.337613,-28.934953],[-56.333129,-28.932742],[-56.332381,-28.931899],[-56.328766,-28.927816],[-56.324095,-28.923539],[-56.321524,-28.921034],[-56.316336,-28.915477],[-56.312991,-28.911749],[-56.312572,-28.911282],[-56.309694,-28.908078],[-56.303389,-28.899642],[-56.29757,-28.890079],[-56.297294,-28.884271],[-56.296796,-28.873504],[-56.29559,-28.865709],[-56.295001,-28.859309],[-56.297506,-28.832844],[-56.297824,-28.8305],[-56.299011,-28.821765],[-56.299709,-28.813199],[-56.296488,-28.80734],[-56.291374,-28.799414],[-56.286924,-28.79355],[-56.282474,-28.787684],[-56.262493,-28.777529],[-56.245001,-28.776146],[-56.238478,-28.775765],[-56.236875,-28.775671],[-56.225007,-28.774887],[-56.218159,-28.774234],[-56.205901,-28.773038],[-56.19664,-28.77258],[-56.192146,-28.772333],[-56.18883,-28.771879],[-56.182858,-28.768074],[-56.177411,-28.762631],[-56.169665,-28.751209],[-56.161699,-28.742488],[-56.157687,-28.734381],[-56.147731,-28.714264],[-56.143819,-28.709527],[-56.136457,-28.701222],[-56.124446,-28.68672],[-56.121544,-28.68432],[-56.116152,-28.679873],[-56.114124,-28.678352],[-56.10866,-28.674251],[-56.080248,-28.651192],[-56.073045,-28.644843],[-56.070647,-28.642667],[-56.069304,-28.641503],[-56.063492,-28.636464],[-56.060609,-28.634238],[-56.055738,-28.629706],[-56.045055,-28.622821],[-56.039624,-28.621186],[-56.032813,-28.6187],[-56.024195,-28.615555],[-56.019457,-28.613593],[-56.014018,-28.609563],[-56.001999,-28.598862],[-55.999978,-28.591611],[-55.999012,-28.584556],[-56.001857,-28.574879],[-56.00713,-28.568354],[-56.012084,-28.562021],[-56.019072,-28.553086],[-56.024807,-28.538691],[-56.024345,-28.533155],[-56.023428,-28.527706],[-56.022473,-28.524522],[-56.020263,-28.520752],[-56.015392,-28.512809],[-56.010432,-28.507076],[-56.00215,-28.503972],[-55.991121,-28.499382],[-55.985057,-28.497162],[-55.956062,-28.494954],[-55.94871,-28.494394],[-55.943978,-28.492667],[-55.94013,-28.491251],[-55.940075,-28.491231],[-55.93557,-28.489428],[-55.91557,-28.482057],[-55.912699,-28.481708],[-55.909827,-28.48136],[-55.892836,-28.480474],[-55.889326,-28.480254],[-55.885503,-28.479628],[-55.879934,-28.471937],[-55.881582,-28.459351],[-55.883665,-28.455434],[-55.88497,-28.45155],[-55.886258,-28.447717],[-55.896511,-28.422213],[-55.89874,-28.41654],[-55.900792,-28.409511],[-55.901045,-28.406401],[-55.899186,-28.397468],[-55.897667,-28.394595],[-55.89025,-28.38418],[-55.880552,-28.370194],[-55.871644,-28.358517],[-55.869277,-28.358243],[-55.861419,-28.357335],[-55.849034,-28.355351],[-55.840276,-28.357323],[-55.823142,-28.362927],[-55.820573,-28.363565],[-55.818391,-28.364107],[-55.811237,-28.364827],[-55.802381,-28.365301],[-55.791548,-28.365879],[-55.759917,-28.367522],[-55.754864,-28.368074],[-55.745307,-28.371213],[-55.740389,-28.374045],[-55.732931,-28.381254],[-55.728898,-28.383849],[-55.727602,-28.386992],[-55.724751,-28.393907],[-55.71851,-28.416862],[-55.714747,-28.419102],[-55.711109,-28.422106],[-55.707045,-28.425835],[-55.703628,-28.425744],[-55.699503,-28.425576],[-55.695569,-28.420824],[-55.690618,-28.416267],[-55.689851,-28.413095],[-55.689321,-28.40994],[-55.689363,-28.407355],[-55.689425,-28.403684],[-55.689428,-28.40078],[-55.688999,-28.392412],[-55.687821,-28.388277],[-55.672,-28.351781],[-55.667246,-28.340571],[-55.667473,-28.333268],[-55.672066,-28.327458],[-55.680529,-28.318962],[-55.685724,-28.316075],[-55.693484,-28.313221],[-55.696891,-28.310782],[-55.711346,-28.300436],[-55.714162,-28.298353],[-55.716364,-28.296737],[-55.731093,-28.285935],[-55.744098,-28.280244],[-55.749536,-28.28034],[-55.760336,-28.277164],[-55.764846,-28.275805],[-55.772533,-28.272308],[-55.774145,-28.269627],[-55.780069,-28.256891],[-55.780714,-28.253416],[-55.778905,-28.250807],[-55.773346,-28.244754],[-55.770214,-28.241904],[-55.76706,-28.240933],[-55.748558,-28.233005],[-55.740039,-28.230642],[-55.731518,-28.228279],[-55.710203,-28.225458],[-55.706701,-28.224427],[-55.698179,-28.221606],[-55.695129,-28.219419],[-55.691086,-28.216161],[-55.669922,-28.197469],[-55.666735,-28.194655],[-55.657415,-28.186531],[-55.65457,-28.18536],[-55.648716,-28.182952],[-55.638615,-28.179469],[-55.630739,-28.175857],[-55.628261,-28.17273],[-55.625569,-28.16667],[-55.626343,-28.160524],[-55.626679,-28.157856],[-55.622879,-28.153168],[-55.619358,-28.148783],[-55.620435,-28.14102],[-55.619789,-28.135735],[-55.612962,-28.123652],[-55.607795,-28.115727],[-55.603731,-28.115323],[-55.59422,-28.11598],[-55.591553,-28.118402],[-55.58414,-28.122069],[-55.585217,-28.130706],[-55.586708,-28.135362],[-55.587835,-28.13888],[-55.587531,-28.142185],[-55.585801,-28.146565],[-55.569157,-28.157419],[-55.565117,-28.160286],[-55.562351,-28.162286],[-55.556956,-28.161986],[-55.54938,-28.155217],[-55.547555,-28.152079],[-55.547069,-28.148339],[-55.545981,-28.139356],[-55.545352,-28.134166],[-55.540148,-28.124099],[-55.53675,-28.1217],[-55.529657,-28.119357],[-55.518215,-28.115406],[-55.514734,-28.114204],[-55.511083,-28.112439],[-55.509386,-28.108472],[-55.507918,-28.10504],[-55.501713,-28.087565],[-55.498363,-28.082955],[-55.495352,-28.079033],[-55.492958,-28.077239],[-55.489877,-28.076565],[-55.483193,-28.076994],[-55.471288,-28.085795],[-55.46897,-28.087702],[-55.465332,-28.091831],[-55.462892,-28.0946],[-55.456211,-28.097478],[-55.45289,-28.098369],[-55.444488,-28.09625],[-55.441525,-28.093213],[-55.440213,-28.09126],[-55.436676,-28.085995],[-55.430386,-28.077259],[-55.424582,-28.070031],[-55.419129,-28.062841],[-55.41459,-28.056224],[-55.411215,-28.05371],[-55.399841,-28.047848],[-55.39116,-28.04383],[-55.38908,-28.042853],[-55.378635,-28.037946],[-55.37462,-28.035824],[-55.373916,-28.034647],[-55.371929,-28.031329],[-55.369417,-28.027262],[-55.369399,-28.027185],[-55.368754,-28.024296],[-55.36716,-28.019661],[-55.367101,-28.015554],[-55.36947,-28.011144],[-55.371561,-28.007211],[-55.371886,-28.006651],[-55.373694,-28.003537],[-55.379757,-28.001221],[-55.382004,-27.996108],[-55.383727,-27.986537],[-55.383098,-27.982944],[-55.377364,-27.977806],[-55.373243,-27.975123],[-55.361377,-27.973741],[-55.350681,-27.972691],[-55.346538,-27.972285],[-55.342365,-27.970604],[-55.337555,-27.965004],[-55.337174,-27.96456],[-55.335678,-27.960043],[-55.334578,-27.954521],[-55.334254,-27.952893],[-55.330986,-27.93937],[-55.329048,-27.936321],[-55.327162,-27.932992],[-55.319917,-27.926436],[-55.316035,-27.924678],[-55.312259,-27.924472],[-55.303769,-27.924629],[-55.296777,-27.927379],[-55.291538,-27.929194],[-55.285134,-27.932311],[-55.280736,-27.933575],[-55.27653,-27.934784],[-55.269948,-27.933293],[-55.263703,-27.931347],[-55.258921,-27.926869],[-55.254709,-27.921739],[-55.251283,-27.916872],[-55.24811,-27.911878],[-55.247537,-27.910959],[-55.243514,-27.904515],[-55.232254,-27.885279],[-55.228313,-27.881536],[-55.22585,-27.879404],[-55.21746,-27.872926],[-55.206715,-27.864713],[-55.199428,-27.858538],[-55.195809,-27.856217],[-55.190488,-27.856026],[-55.181902,-27.856347],[-55.173195,-27.859391],[-55.168928,-27.861592],[-55.167002,-27.863843],[-55.164112,-27.867321],[-55.161949,-27.870247],[-55.161538,-27.870827],[-55.157143,-27.877038],[-55.154479,-27.880083],[-55.145425,-27.887131],[-55.139678,-27.891861],[-55.13614,-27.894777],[-55.131896,-27.895752],[-55.126564,-27.892961],[-55.123276,-27.883773],[-55.123221,-27.876821],[-55.123762,-27.873416],[-55.124579,-27.868266],[-55.12562,-27.863261],[-55.125472,-27.860359],[-55.123072,-27.855956],[-55.12,-27.852962],[-55.117553,-27.851442],[-55.106626,-27.846333],[-55.087562,-27.840878],[-55.080664,-27.842866],[-55.079941,-27.843081],[-55.078832,-27.84341],[-55.073092,-27.845115],[-55.062665,-27.848339],[-55.051655,-27.85309],[-55.044791,-27.854696],[-55.04176,-27.855741],[-55.039632,-27.856474],[-55.035793,-27.855152],[-55.031327,-27.854935],[-55.025785,-27.849191],[-55.023231,-27.845016],[-55.02445,-27.837526],[-55.025003,-27.833372],[-55.027372,-27.827655],[-55.030675,-27.825072],[-55.034877,-27.823066],[-55.052835,-27.813605],[-55.056113,-27.811523],[-55.058507,-27.810002],[-55.080369,-27.797496],[-55.081924,-27.793017],[-55.083039,-27.789837],[-55.082055,-27.785484],[-55.080343,-27.779097],[-55.071208,-27.772783],[-55.067316,-27.771101],[-55.058135,-27.768868],[-55.054746,-27.768229],[-55.04917,-27.768025],[-55.041313,-27.773614],[-55.040766,-27.774241],[-55.033648,-27.782398],[-55.029805,-27.786801],[-55.028313,-27.78851],[-55.023686,-27.792788],[-55.019636,-27.795084],[-55.010221,-27.796929],[-55.004285,-27.794664],[-55.000825,-27.792755],[-54.997977,-27.790683],[-54.996336,-27.787645],[-54.995667,-27.786408],[-54.993823,-27.782367],[-54.991915,-27.778291],[-54.989019,-27.77261],[-54.977245,-27.771118],[-54.972429,-27.772752],[-54.960952,-27.777176],[-54.96013,-27.777494],[-54.948655,-27.77769],[-54.941986,-27.774867],[-54.93608,-27.772063],[-54.933799,-27.767361],[-54.932263,-27.763611],[-54.929376,-27.756567],[-54.928945,-27.755052],[-54.92772,-27.750754],[-54.924247,-27.745502],[-54.913641,-27.735759],[-54.912508,-27.734789],[-54.9065,-27.72965],[-54.903673,-27.725314],[-54.902482,-27.719177],[-54.901423,-27.701283],[-54.901263,-27.698585],[-54.902729,-27.681694],[-54.904787,-27.654817],[-54.90548,-27.64723],[-54.905015,-27.642829],[-54.904025,-27.640064],[-54.903415,-27.636788],[-54.899679,-27.631766],[-54.896237,-27.628558],[-54.890121,-27.625708],[-54.884525,-27.624573],[-54.876907,-27.623068],[-54.873094,-27.624001],[-54.85714,-27.627903],[-54.854055,-27.626086],[-54.849745,-27.623203],[-54.847778,-27.620138],[-54.839185,-27.605306],[-54.838565,-27.602535],[-54.835652,-27.588812],[-54.832825,-27.572282],[-54.830815,-27.566261],[-54.82907,-27.561037],[-54.827768,-27.557808],[-54.81648,-27.535078],[-54.814945,-27.532299],[-54.811594,-27.529241],[-54.807187,-27.528351],[-54.799546,-27.529231],[-54.795595,-27.531617],[-54.794281,-27.536356],[-54.792402,-27.544046],[-54.791132,-27.550483],[-54.790351,-27.554439],[-54.787909,-27.565607],[-54.78548,-27.570921],[-54.783914,-27.574546],[-54.780361,-27.578927],[-54.774409,-27.585222],[-54.76665,-27.584029],[-54.762031,-27.583066],[-54.758559,-27.582465],[-54.754554,-27.577807],[-54.752568,-27.574898],[-54.751866,-27.573639],[-54.74679,-27.564531],[-54.74167,-27.561289],[-54.733189,-27.561932],[-54.722639,-27.563114],[-54.710176,-27.566632],[-54.699531,-27.569366],[-54.697847,-27.569798],[-54.686656,-27.573331],[-54.681963,-27.574257],[-54.677555,-27.572055],[-54.672585,-27.569653],[-54.671436,-27.565853],[-54.671064,-27.557912],[-54.671404,-27.550352],[-54.674082,-27.542672],[-54.678943,-27.52873],[-54.678506,-27.517325],[-54.678123,-27.51382],[-54.674487,-27.507708],[-54.67239,-27.504629],[-54.663817,-27.505238],[-54.656648,-27.511414],[-54.653179,-27.514573],[-54.650509,-27.52177],[-54.650585,-27.523829],[-54.650653,-27.525658],[-54.648187,-27.531612],[-54.644847,-27.538933],[-54.643061,-27.542203],[-54.640211,-27.54323],[-54.632412,-27.545013],[-54.62818,-27.543973],[-54.622521,-27.541415],[-54.621294,-27.54086],[-54.615342,-27.533752],[-54.613205,-27.527763],[-54.608904,-27.514421],[-54.607806,-27.511242],[-54.606442,-27.508583],[-54.604867,-27.505546],[-54.603953,-27.503784],[-54.602153,-27.500478],[-54.601427,-27.499206],[-54.600249,-27.497142],[-54.597314,-27.492001],[-54.591052,-27.480284],[-54.590902,-27.478444],[-54.58969,-27.463596],[-54.588315,-27.460846],[-54.586646,-27.45747],[-54.584708,-27.454187],[-54.577714,-27.453457],[-54.57383,-27.453288],[-54.566714,-27.457486],[-54.56018,-27.463873],[-54.549696,-27.474346],[-54.547267,-27.476773],[-54.545485,-27.478709],[-54.543597,-27.480759],[-54.53865,-27.494395],[-54.535499,-27.50308],[-54.529719,-27.505343],[-54.524183,-27.504338],[-54.518653,-27.501315],[-54.516066,-27.497866],[-54.514175,-27.494068],[-54.510336,-27.486356],[-54.502851,-27.480483],[-54.492289,-27.479202],[-54.48811,-27.479391],[-54.477135,-27.480174],[-54.47379,-27.480413],[-54.466266,-27.479882],[-54.455766,-27.478158],[-54.452207,-27.476623],[-54.447178,-27.474144],[-54.444202,-27.472508],[-54.440279,-27.467265],[-54.441357,-27.460214],[-54.443722,-27.457594],[-54.446376,-27.455291],[-54.450048,-27.452102],[-54.450487,-27.451721],[-54.457123,-27.446091],[-54.465681,-27.436216],[-54.468507,-27.428903],[-54.461887,-27.422967],[-54.458207,-27.422537],[-54.448037,-27.422903],[-54.445127,-27.423107],[-54.44108,-27.423365],[-54.440657,-27.423391],[-54.435951,-27.422115],[-54.435674,-27.422005],[-54.429781,-27.41968],[-54.414696,-27.406267],[-54.410542,-27.404735],[-54.406418,-27.404529],[-54.401939,-27.406903],[-54.391055,-27.415121],[-54.381111,-27.429184],[-54.378269,-27.433406],[-54.377799,-27.434112],[-54.374099,-27.439672],[-54.363996,-27.453875],[-54.35942,-27.459387],[-54.35656,-27.461421],[-54.350294,-27.464966],[-54.34618,-27.466639],[-54.342978,-27.464772],[-54.338084,-27.461275],[-54.335433,-27.459192],[-54.333099,-27.456324],[-54.332847,-27.447545],[-54.335823,-27.435513],[-54.337199,-27.430644],[-54.337574,-27.428988],[-54.33793,-27.427414],[-54.338271,-27.422654],[-54.337962,-27.411626],[-54.338457,-27.403037],[-54.335544,-27.401153],[-54.331931,-27.40128],[-54.32794,-27.403238],[-54.319207,-27.410259],[-54.304683,-27.423388],[-54.302084,-27.428705],[-54.300656,-27.431259],[-54.296207,-27.439213],[-54.292046,-27.44364],[-54.28816,-27.445615],[-54.284147,-27.447064],[-54.27993,-27.445471],[-54.276403,-27.443283],[-54.271986,-27.44045],[-54.26696,-27.437228],[-54.265183,-27.434627],[-54.264571,-27.431102],[-54.266444,-27.425008],[-54.267287,-27.422264],[-54.26638,-27.414349],[-54.265473,-27.408031],[-54.262784,-27.401692],[-54.260192,-27.397161],[-54.25515,-27.395039],[-54.248944,-27.392826],[-54.244028,-27.392541],[-54.242433,-27.39254],[-54.23385,-27.392538],[-54.22734,-27.391873],[-54.220001,-27.387612],[-54.216054,-27.385108],[-54.214043,-27.382473],[-54.211182,-27.378726],[-54.21076,-27.373412],[-54.210685,-27.367731],[-54.210584,-27.356705],[-54.210442,-27.353624],[-54.210337,-27.351323],[-54.209968,-27.345997],[-54.207509,-27.340006],[-54.204391,-27.332586],[-54.202379,-27.328215],[-54.200967,-27.325147],[-54.19019,-27.306642],[-54.190665,-27.298133],[-54.190873,-27.296024],[-54.191401,-27.29066],[-54.189415,-27.28357],[-54.18551,-27.269186],[-54.184822,-27.267111],[-54.184048,-27.264783],[-54.172071,-27.25439],[-54.167819,-27.253794],[-54.163412,-27.252788],[-54.159462,-27.255593],[-54.154913,-27.261803],[-54.153657,-27.265547],[-54.151713,-27.27449],[-54.152312,-27.279668],[-54.154853,-27.28486],[-54.156116,-27.287441],[-54.156892,-27.29278],[-54.154378,-27.295944],[-54.151142,-27.296704],[-54.119483,-27.301101],[-54.110786,-27.302403],[-54.104178,-27.302733],[-54.102498,-27.30281],[-54.0994,-27.302954],[-54.089673,-27.300338],[-54.081435,-27.298123],[-54.077486,-27.296804],[-54.075439,-27.294353],[-54.063495,-27.277044],[-54.062263,-27.275258],[-54.0593,-27.270853],[-54.054232,-27.26475],[-54.045602,-27.258689],[-54.029861,-27.255437],[-54.026098,-27.253924],[-54.023695,-27.250493],[-54.021833,-27.243102],[-54.018493,-27.229851],[-54.018741,-27.226691],[-54.018822,-27.225661],[-54.019273,-27.211724],[-54.018347,-27.203953],[-54.017222,-27.201141],[-54.011271,-27.195982],[-54.008324,-27.194479],[-53.999422,-27.194135],[-53.988712,-27.194292],[-53.984701,-27.194874],[-53.980616,-27.195643],[-53.97031,-27.197583],[-53.966808,-27.19672],[-53.963003,-27.195358],[-53.959621,-27.194044],[-53.957075,-27.189281],[-53.955326,-27.181449],[-53.956493,-27.173093],[-53.957163,-27.170804],[-53.958694,-27.165575],[-53.958479,-27.160737],[-53.952961,-27.15223],[-53.949392,-27.151008],[-53.942574,-27.15103],[-53.935689,-27.152316],[-53.932748,-27.153181],[-53.92987,-27.15548],[-53.92398,-27.161013],[-53.922852,-27.162071],[-53.91386,-27.172757],[-53.902678,-27.174236],[-53.891213,-27.160657],[-53.88884,-27.157451],[-53.88797,-27.153304],[-53.886982,-27.147918],[-53.885019,-27.137216],[-53.879007,-27.129458],[-53.874341,-27.127249],[-53.866433,-27.128015],[-53.860179,-27.127668],[-53.857986,-27.131566],[-53.850146,-27.147506],[-53.848271,-27.151312],[-53.848125,-27.151541],[-53.84158,-27.161863],[-53.83595,-27.166428],[-53.833833,-27.16934],[-53.823513,-27.172506],[-53.81689,-27.174391],[-53.813935,-27.173645],[-53.810299,-27.172727],[-53.802373,-27.168841],[-53.778705,-27.149565],[-53.772617,-27.147791],[-53.763734,-27.153757],[-53.756233,-27.171688],[-53.748366,-27.190493],[-53.74236,-27.190826],[-53.736356,-27.191159],[-53.734621,-27.190312],[-53.733204,-27.18962],[-53.71732,-27.181865],[-53.713564,-27.179525],[-53.706039,-27.173542],[-53.68783,-27.164747],[-53.675387,-27.160747],[-53.666126,-27.161745],[-53.650374,-27.176448],[-53.648835,-27.184494],[-53.647295,-27.192539],[-53.647399,-27.193295],[-53.649901,-27.211491],[-53.647727,-27.217674],[-53.641969,-27.220393],[-53.63451,-27.218553],[-53.621388,-27.193712],[-53.618569,-27.188376],[-53.614983,-27.186967],[-53.611397,-27.185558],[-53.599172,-27.188806],[-53.589782,-27.186941],[-53.563465,-27.173047],[-53.563326,-27.173071],[-53.548094,-27.175741],[-53.52616,-27.195775],[-53.517608,-27.199517],[-53.509056,-27.20326],[-53.491541,-27.201654],[-53.490441,-27.194777],[-53.490292,-27.193156],[-53.489262,-27.181905],[-53.503553,-27.161064],[-53.507215,-27.146859],[-53.506027,-27.137903],[-53.494164,-27.132667],[-53.480532,-27.134793],[-53.468503,-27.147711],[-53.46298,-27.151638],[-53.457457,-27.155564],[-53.410678,-27.140342],[-53.400165,-27.128007],[-53.396709,-27.119974],[-53.393237,-27.111904],[-53.382655,-27.095937],[-53.377697,-27.092673],[-53.371984,-27.090481],[-53.362921,-27.093666],[-53.361476,-27.095841],[-53.351681,-27.110577],[-53.347426,-27.116983],[-53.342284,-27.118628],[-53.310098,-27.118235],[-53.298811,-27.12607],[-53.294053,-27.133937],[-53.292541,-27.139404],[-53.293458,-27.142247],[-53.29606,-27.150312],[-53.301128,-27.163489],[-53.318255,-27.194741],[-53.320115,-27.208889],[-53.316791,-27.216066],[-53.314929,-27.216266],[-53.309484,-27.216853],[-53.291704,-27.196041],[-53.252111,-27.177408],[-53.24918,-27.175283],[-53.242355,-27.170336],[-53.237058,-27.169393],[-53.230219,-27.171389],[-53.219798,-27.177425],[-53.196032,-27.191191],[-53.188156,-27.191042],[-53.184056,-27.186592],[-53.180025,-27.182218],[-53.176673,-27.17858],[-53.176026,-27.173858],[-53.172822,-27.150439],[-53.165471,-27.142263],[-53.157894,-27.138408],[-53.149347,-27.141874],[-53.145284,-27.155611],[-53.141067,-27.169868],[-53.132599,-27.177835],[-53.129497,-27.17804],[-53.112282,-27.169689],[-53.071752,-27.15709],[-53.070982,-27.146827],[-53.070212,-27.136563],[-53.070648,-27.135437],[-53.078206,-27.115897],[-53.075751,-27.103463],[-53.070193,-27.097936],[-53.058026,-27.085835],[-53.049334,-27.082806],[-53.028462,-27.080097],[-53.022022,-27.083129],[-53.017974,-27.090205],[-53.020028,-27.095037],[-53.024389,-27.105295],[-53.026668,-27.108027],[-53.041809,-27.126175],[-53.042587,-27.145509],[-53.038255,-27.154155],[-53.026102,-27.156706],[-53.011952,-27.142174],[-53.00296,-27.132939],[-52.993347,-27.137805],[-52.98879,-27.14479],[-52.988068,-27.145895],[-52.984278,-27.151705],[-52.983128,-27.164235],[-52.993303,-27.175707],[-52.997694,-27.180659],[-53.002147,-27.18954],[-52.9997,-27.206382],[-52.98966,-27.217313],[-52.977166,-27.220689],[-52.973805,-27.218701],[-52.969711,-27.216282],[-52.965383,-27.179974],[-52.957986,-27.163029],[-52.951253,-27.161602],[-52.937504,-27.170775],[-52.936939,-27.193663],[-52.936835,-27.197894],[-52.930983,-27.199884],[-52.925131,-27.201873],[-52.903213,-27.197896],[-52.89633,-27.192298],[-52.889446,-27.186699],[-52.862322,-27.169088],[-52.85142,-27.168612],[-52.850018,-27.16855],[-52.84361,-27.177594],[-52.845248,-27.192795],[-52.846295,-27.202505],[-52.843701,-27.206071],[-52.833184,-27.209084],[-52.822349,-27.203616],[-52.817559,-27.201199],[-52.808887,-27.201983],[-52.800215,-27.202767],[-52.786289,-27.204612],[-52.773552,-27.206787],[-52.758908,-27.215175],[-52.76303,-27.242972],[-52.754211,-27.256722],[-52.742651,-27.256256],[-52.735048,-27.24531],[-52.731081,-27.239599],[-52.721159,-27.235223],[-52.714564,-27.236387],[-52.709366,-27.246615],[-52.707417,-27.263899],[-52.706455,-27.272436],[-52.699175,-27.281229],[-52.698552,-27.281981],[-52.693288,-27.282617],[-52.691453,-27.282839],[-52.684804,-27.275313],[-52.678594,-27.268017],[-52.677133,-27.256604],[-52.675796,-27.246161],[-52.666522,-27.237895],[-52.659212,-27.237655],[-52.652137,-27.248549],[-52.644979,-27.259568],[-52.630853,-27.264444],[-52.613209,-27.263283],[-52.6003,-27.254854],[-52.589831,-27.248019],[-52.579232,-27.248357],[-52.570543,-27.248633],[-52.560326,-27.246784],[-52.549006,-27.238215],[-52.544808,-27.239915],[-52.535802,-27.259538],[-52.534321,-27.259666],[-52.496977,-27.262906],[-52.479203,-27.264448],[-52.480567,-27.252776],[-52.481506,-27.244736],[-52.478147,-27.234874],[-52.445402,-27.217168],[-52.441063,-27.217741],[-52.433986,-27.218675],[-52.431534,-27.221909],[-52.430484,-27.223294],[-52.434806,-27.233131],[-52.441641,-27.248687],[-52.440944,-27.254182],[-52.440247,-27.259678],[-52.434516,-27.265703],[-52.418804,-27.282224],[-52.395344,-27.292156],[-52.393336,-27.284622],[-52.399351,-27.258035],[-52.391992,-27.252091],[-52.380625,-27.259418],[-52.383342,-27.28439],[-52.37731,-27.298199],[-52.374868,-27.303786],[-52.364604,-27.303328],[-52.355792,-27.296066],[-52.346022,-27.288014],[-52.337394,-27.294242],[-52.32877,-27.300468],[-52.305928,-27.316955],[-52.297635,-27.316553],[-52.293007,-27.313536],[-52.291675,-27.305649],[-52.296774,-27.293121],[-52.302454,-27.279167],[-52.301252,-27.259571],[-52.29328,-27.257305],[-52.276707,-27.261517],[-52.260709,-27.258427],[-52.253419,-27.25702],[-52.249393,-27.25871],[-52.247393,-27.259549],[-52.235543,-27.264523],[-52.234498,-27.270339],[-52.263394,-27.281901],[-52.264624,-27.282394],[-52.277205,-27.296509],[-52.273886,-27.302475],[-52.2496,-27.303608],[-52.244711,-27.305214],[-52.239822,-27.306819],[-52.22372,-27.328584],[-52.212554,-27.330277],[-52.212187,-27.330333],[-52.206816,-27.326019],[-52.199914,-27.313071],[-52.183736,-27.282726],[-52.17334,-27.272394],[-52.166017,-27.273406],[-52.159138,-27.28057],[-52.165294,-27.307375],[-52.166212,-27.311374],[-52.163562,-27.312447],[-52.160912,-27.313519],[-52.150473,-27.310757],[-52.120939,-27.302942],[-52.114164,-27.306071],[-52.107389,-27.309199],[-52.106479,-27.34107],[-52.100181,-27.345871],[-52.097492,-27.347921],[-52.072566,-27.337976],[-52.048356,-27.344448],[-52.040271,-27.344637],[-52.039396,-27.344118],[-52.017762,-27.33127],[-52.008769,-27.333937],[-52.008237,-27.342898],[-52.019034,-27.352152],[-52.021933,-27.354637],[-52.020079,-27.361531],[-51.996812,-27.377399],[-51.986807,-27.375068],[-51.961475,-27.374331],[-51.958418,-27.376147],[-51.950503,-27.380848],[-51.949357,-27.391812],[-51.953926,-27.394365],[-51.958114,-27.393874],[-51.988095,-27.390365],[-51.991388,-27.389817],[-52.002335,-27.394112],[-52.007322,-27.401605],[-52.00463,-27.402901],[-51.991026,-27.409453],[-51.974073,-27.409965],[-51.955397,-27.414363],[-51.944698,-27.423033],[-51.933727,-27.431924],[-51.936007,-27.437703],[-51.938286,-27.443478],[-51.944384,-27.448125],[-51.962039,-27.46158],[-51.963284,-27.467437],[-51.954712,-27.47369],[-51.935228,-27.466307],[-51.915576,-27.458861],[-51.903381,-27.461541],[-51.900105,-27.464267],[-51.900468,-27.472234],[-51.900566,-27.47439],[-51.901887,-27.495536],[-51.889038,-27.519828],[-51.876699,-27.518529],[-51.872734,-27.513028],[-51.879092,-27.487855],[-51.875802,-27.482709],[-51.856868,-27.475236],[-51.845513,-27.48014],[-51.844138,-27.480734],[-51.843204,-27.48324],[-51.84227,-27.485745],[-51.842641,-27.486775],[-51.853843,-27.517923],[-51.846891,-27.525439],[-51.837468,-27.520547],[-51.837274,-27.520452],[-51.820508,-27.512271],[-51.803517,-27.523931],[-51.795019,-27.529762],[-51.786821,-27.528011],[-51.785851,-27.523259],[-51.785425,-27.521172],[-51.790265,-27.514855],[-51.801208,-27.502203],[-51.799552,-27.496384],[-51.797897,-27.490565],[-51.752926,-27.486862],[-51.723787,-27.513],[-51.719965,-27.511079],[-51.716142,-27.509157],[-51.698628,-27.480215],[-51.689581,-27.479303],[-51.686632,-27.479006],[-51.674801,-27.487254],[-51.672513,-27.491638],[-51.673571,-27.495983],[-51.676061,-27.506198],[-51.669066,-27.514279],[-51.656475,-27.51966],[-51.645763,-27.512334],[-51.643236,-27.497805],[-51.642158,-27.491606],[-51.631122,-27.488751],[-51.628817,-27.490079],[-51.621489,-27.494298],[-51.621082,-27.495454],[-51.619281,-27.500577],[-51.620916,-27.505577],[-51.63144,-27.537784],[-51.622312,-27.545956],[-51.607209,-27.541242],[-51.602408,-27.535489],[-51.593526,-27.524846],[-51.579763,-27.524128],[-51.57931,-27.538672],[-51.58601,-27.560501],[-51.577573,-27.576216],[-51.568576,-27.583533],[-51.564875,-27.583611],[-51.561983,-27.583671],[-51.558882,-27.576103],[-51.553538,-27.563063],[-51.547708,-27.559728],[-51.546088,-27.560078],[-51.533378,-27.562827],[-51.512681,-27.557685],[-51.507858,-27.556486],[-51.489861,-27.559627],[-51.477349,-27.569629],[-51.475589,-27.590069],[-51.474917,-27.597884],[-51.47,-27.602822],[-51.465908,-27.60384],[-51.45688,-27.606085],[-51.435132,-27.632617],[-51.435655,-27.638952],[-51.436533,-27.649592],[-51.432213,-27.654549],[-51.420217,-27.654432],[-51.407017,-27.637328],[-51.401775,-27.630534],[-51.386217,-27.623433],[-51.369832,-27.636967],[-51.373588,-27.650373],[-51.376745,-27.661638],[-51.369166,-27.67196],[-51.35383,-27.679006],[-51.336329,-27.672587],[-51.331034,-27.670645],[-51.323568,-27.672439],[-51.316103,-27.674232],[-51.310744,-27.693838],[-51.301504,-27.702111],[-51.305674,-27.707948],[-51.307258,-27.710166],[-51.308258,-27.711566],[-51.308228,-27.718955],[-51.30745,-27.719223],[-51.291162,-27.724811],[-51.28695,-27.724454],[-51.275546,-27.723488],[-51.272748,-27.733008],[-51.272105,-27.735194],[-51.272271,-27.737439],[-51.273129,-27.749068],[-51.246458,-27.760654],[-51.241833,-27.773125],[-51.234846,-27.778883],[-51.227451,-27.773419],[-51.223482,-27.770749],[-51.221579,-27.76947],[-51.21379,-27.77298],[-51.206086,-27.776452],[-51.198162,-27.776578],[-51.197995,-27.776581],[-51.190404,-27.776702],[-51.157618,-27.802712],[-51.13335,-27.805925],[-51.131994,-27.818401],[-51.131777,-27.820408],[-51.130784,-27.829554],[-51.124085,-27.832474],[-51.102886,-27.829107],[-51.098419,-27.828397],[-51.081595,-27.834384],[-51.076731,-27.840852],[-51.078419,-27.851818],[-51.079378,-27.858051],[-51.072265,-27.86519],[-51.06465,-27.866597],[-51.053799,-27.867439],[-51.052157,-27.872457],[-51.053168,-27.877155],[-51.055159,-27.886411],[-51.055784,-27.901012],[-51.017131,-27.925199],[-51.018808,-27.95486],[-51.010068,-27.962564],[-51.00999,-27.962567],[-51.000711,-27.962864],[-50.99674,-27.954525],[-50.991975,-27.944519],[-50.984434,-27.941809],[-50.97994,-27.946736],[-50.979194,-27.947554],[-50.971987,-27.95563],[-50.944839,-27.968558],[-50.941698,-27.968566],[-50.928445,-27.968604],[-50.924105,-27.980494],[-50.927743,-27.987777],[-50.928941,-27.990173],[-50.925226,-27.994875],[-50.919947,-28.001556],[-50.921147,-28.006372],[-50.922347,-28.011187],[-50.892718,-28.020263],[-50.87653,-28.040876],[-50.875109,-28.053267],[-50.874937,-28.054767],[-50.881445,-28.067574],[-50.894365,-28.074994],[-50.899032,-28.077674],[-50.900217,-28.082197],[-50.901402,-28.086719],[-50.889671,-28.08878],[-50.881113,-28.090283],[-50.875575,-28.094315],[-50.868815,-28.108899],[-50.870808,-28.116067],[-50.874247,-28.128435],[-50.868726,-28.137232],[-50.856458,-28.136876],[-50.850761,-28.132392],[-50.83348,-28.118789],[-50.827987,-28.118723],[-50.822572,-28.130295],[-50.818019,-28.140023],[-50.804341,-28.139441],[-50.791875,-28.13891],[-50.786035,-28.142848],[-50.788894,-28.151696],[-50.791133,-28.158628],[-50.786309,-28.167776],[-50.78213,-28.1757],[-50.78431,-28.180209],[-50.788582,-28.189042],[-50.788201,-28.197916],[-50.777427,-28.199937],[-50.772233,-28.194918],[-50.765535,-28.188447],[-50.75937,-28.202032],[-50.755401,-28.213248],[-50.754914,-28.215671],[-50.755438,-28.219002],[-50.748914,-28.247152],[-50.711327,-28.26513],[-50.697814,-28.266317],[-50.696382,-28.270243],[-50.695437,-28.277586],[-50.695338,-28.278358],[-50.694103,-28.287961],[-50.673612,-28.303098],[-50.660822,-28.31921],[-50.65891,-28.321619],[-50.659499,-28.3233],[-50.664466,-28.337496],[-50.649682,-28.344995],[-50.647982,-28.345858],[-50.62784,-28.363541],[-50.630357,-28.372326],[-50.63218,-28.378689],[-50.624625,-28.390978],[-50.610776,-28.392883],[-50.602019,-28.384832],[-50.59825,-28.381367],[-50.591177,-28.381654],[-50.58037,-28.390016],[-50.57631,-28.393157],[-50.562393,-28.414046],[-50.549213,-28.419697],[-50.543629,-28.426638],[-50.536379,-28.42861],[-50.528515,-28.425916],[-50.529902,-28.413734],[-50.530618,-28.407438],[-50.527084,-28.403595],[-50.516998,-28.403776],[-50.498744,-28.412199],[-50.470355,-28.414367],[-50.455444,-28.410418],[-50.448844,-28.419195],[-50.445532,-28.423598],[-50.433289,-28.430559],[-50.422712,-28.431083],[-50.410376,-28.431693],[-50.396187,-28.432394],[-50.393682,-28.435743],[-50.387801,-28.443601],[-50.379196,-28.445495],[-50.371838,-28.429046],[-50.369599,-28.424042],[-50.356716,-28.42041],[-50.347869,-28.42815],[-50.348831,-28.437221],[-50.350735,-28.455192],[-50.34529,-28.462796],[-50.336295,-28.457493],[-50.337563,-28.44848],[-50.338782,-28.439818],[-50.327763,-28.433755],[-50.300339,-28.439879],[-50.296124,-28.445291],[-50.291909,-28.450703],[-50.271144,-28.456243],[-50.251249,-28.448394],[-50.262142,-28.445681],[-50.262568,-28.444371],[-50.263187,-28.442466],[-50.246587,-28.428741],[-50.234576,-28.456429],[-50.234109,-28.457505],[-50.228358,-28.460026],[-50.222606,-28.462547],[-50.215571,-28.456662],[-50.20031,-28.443896],[-50.19136,-28.450294],[-50.188436,-28.452383],[-50.185002,-28.452352],[-50.176481,-28.452272],[-50.168553,-28.466028],[-50.164107,-28.473745],[-50.161205,-28.494552],[-50.156501,-28.4972],[-50.139044,-28.493715],[-50.145179,-28.476927],[-50.149173,-28.471899],[-50.158962,-28.459573],[-50.147301,-28.459094],[-50.145154,-28.445993],[-50.127439,-28.437842],[-50.129705,-28.430949],[-50.126295,-28.428853],[-50.111118,-28.444728],[-50.115533,-28.45459],[-50.118825,-28.457327],[-50.12582,-28.463142],[-50.124059,-28.473818],[-50.107367,-28.472606],[-50.099554,-28.484785],[-50.091426,-28.477369],[-50.085933,-28.472358],[-50.075028,-28.477278],[-50.072044,-28.479305],[-50.068239,-28.477985],[-50.061418,-28.475619],[-50.056877,-28.475929],[-50.035728,-28.477375],[-50.026293,-28.472445],[-50.024652,-28.464075],[-50.023265,-28.456999],[-50.018072,-28.451848],[-50.013572,-28.45088],[-50.004692,-28.455436],[-50.002011,-28.456812],[-49.987125,-28.455436],[-49.98783,-28.448139],[-49.988102,-28.445321],[-49.97993,-28.439787],[-49.971048,-28.438606],[-49.966602,-28.454138],[-49.957536,-28.449297],[-49.950906,-28.450112],[-49.950154,-28.465717],[-49.950128,-28.466246],[-49.943034,-28.481491],[-49.928721,-28.470229],[-49.929634,-28.46559],[-49.930142,-28.463008],[-49.937523,-28.457931],[-49.931234,-28.452999],[-49.9273,-28.451091],[-49.909237,-28.459756],[-49.902852,-28.462819],[-49.898077,-28.462723],[-49.888136,-28.457577],[-49.889925,-28.454232],[-49.895881,-28.443085],[-49.890707,-28.441055],[-49.882565,-28.446908],[-49.872514,-28.441544],[-49.857543,-28.443114],[-49.855067,-28.445055],[-49.875098,-28.453395],[-49.876912,-28.45415],[-49.873212,-28.45627],[-49.863069,-28.46208],[-49.863462,-28.47113],[-49.863563,-28.473463],[-49.868969,-28.480119],[-49.866018,-28.486804],[-49.854225,-28.485209],[-49.853233,-28.485074],[-49.841771,-28.483524],[-49.844937,-28.492797],[-49.839312,-28.495737],[-49.825414,-28.477742],[-49.810531,-28.483336],[-49.815529,-28.477891],[-49.816246,-28.470767],[-49.816469,-28.468551],[-49.812041,-28.467914],[-49.809424,-28.467538],[-49.807209,-28.472525],[-49.802365,-28.483429],[-49.794767,-28.487861],[-49.790346,-28.494811],[-49.782875,-28.495776],[-49.780575,-28.493624],[-49.784066,-28.489265],[-49.785348,-28.487663],[-49.777933,-28.475359],[-49.781322,-28.471674],[-49.772451,-28.466639],[-49.768415,-28.459481],[-49.764685,-28.45966],[-49.764977,-28.48235],[-49.769719,-28.493801],[-49.764534,-28.499173],[-49.762077,-28.501718],[-49.760059,-28.50081],[-49.744509,-28.493813],[-49.739808,-28.500641],[-49.744898,-28.504545],[-49.743581,-28.50684],[-49.743056,-28.507755],[-49.735898,-28.512543],[-49.727809,-28.517952],[-49.738347,-28.527061],[-49.746212,-28.533858],[-49.747512,-28.546152],[-49.737572,-28.549159],[-49.729814,-28.551505],[-49.725741,-28.566603],[-49.724972,-28.569456],[-49.719444,-28.576458],[-49.719145,-28.576331],[-49.711076,-28.572901],[-49.707675,-28.582623],[-49.710246,-28.588922],[-49.711649,-28.59236],[-49.70937,-28.604191],[-49.698435,-28.606187],[-49.691131,-28.618444],[-49.691315,-28.620267],[-49.691757,-28.624663],[-49.704177,-28.629034],[-49.707893,-28.630008],[-49.706375,-28.626645],[-49.709895,-28.625404],[-49.715086,-28.623574],[-49.727775,-28.622862],[-49.738681,-28.625212],[-49.75414,-28.628544],[-49.755554,-28.623236],[-49.757684,-28.615228],[-49.765419,-28.622079],[-49.771571,-28.627528],[-49.780403,-28.629773],[-49.781241,-28.62824],[-49.784559,-28.622177],[-49.782077,-28.610813],[-49.79466,-28.616535],[-49.802194,-28.628773],[-49.80763,-28.629474],[-49.808689,-28.635302],[-49.816824,-28.640147],[-49.814255,-28.64896],[-49.814203,-28.649139],[-49.814595,-28.649618],[-49.817871,-28.653626],[-49.816666,-28.653636],[-49.810559,-28.65369],[-49.812257,-28.65802],[-49.820407,-28.660893],[-49.822102,-28.66149],[-49.82899,-28.668277],[-49.837294,-28.66663],[-49.839566,-28.676781],[-49.834894,-28.678788],[-49.833935,-28.684695],[-49.833421,-28.687862],[-49.822683,-28.687735],[-49.820651,-28.693172],[-49.831615,-28.694437],[-49.838647,-28.701741],[-49.840521,-28.707262],[-49.8363,-28.709274],[-49.836318,-28.709288],[-49.841602,-28.713452],[-49.844712,-28.707317],[-49.845908,-28.704958],[-49.852094,-28.704079],[-49.862775,-28.70256],[-49.859955,-28.69955],[-49.871583,-28.70402],[-49.8693,-28.707007],[-49.873956,-28.721952],[-49.872404,-28.722341],[-49.869036,-28.723184],[-49.879665,-28.73579],[-49.875156,-28.744378],[-49.888113,-28.746184],[-49.886871,-28.740126],[-49.891341,-28.739122],[-49.886033,-28.728366],[-49.881729,-28.719645],[-49.884495,-28.717841],[-49.892426,-28.723264],[-49.89387,-28.72425],[-49.901947,-28.715665],[-49.904817,-28.712613],[-49.903588,-28.706622],[-49.913265,-28.715124],[-49.925007,-28.718428],[-49.934882,-28.727607],[-49.93083,-28.739172],[-49.93052,-28.740054],[-49.921499,-28.745645],[-49.927884,-28.751209],[-49.927521,-28.755633],[-49.936414,-28.758552],[-49.942692,-28.756731],[-49.945707,-28.755857],[-49.945199,-28.758988],[-49.953075,-28.759684],[-49.951365,-28.768837],[-49.956084,-28.77122],[-49.953814,-28.776194],[-49.958515,-28.778807],[-49.952389,-28.783588],[-49.952386,-28.78359],[-49.95239,-28.783599],[-49.95618,-28.790969],[-49.953989,-28.79546],[-49.952972,-28.797543],[-49.946967,-28.79968],[-49.946882,-28.80063],[-49.946427,-28.805722],[-49.954934,-28.802477],[-49.959366,-28.800786],[-49.963461,-28.821722],[-49.962791,-28.826133],[-49.955412,-28.825916],[-49.953706,-28.825866],[-49.955007,-28.833372],[-49.958258,-28.852138],[-49.954045,-28.851034],[-49.945006,-28.848667],[-49.94796,-28.856321],[-49.953614,-28.856271],[-49.95368,-28.857733],[-49.953913,-28.862886],[-49.963887,-28.867469],[-49.966152,-28.873412],[-49.953025,-28.869904],[-49.948566,-28.868713],[-49.94932,-28.879059],[-49.938126,-28.8717],[-49.928587,-28.870942],[-49.935614,-28.875905],[-49.93544,-28.882135],[-49.941203,-28.880076],[-49.942385,-28.884536],[-49.948351,-28.887479],[-49.94815,-28.891014],[-49.947628,-28.900126],[-49.95146,-28.90298],[-49.95847,-28.908203],[-49.955677,-28.910172],[-49.959156,-28.914412],[-49.965155,-28.921722],[-49.961713,-28.924138],[-49.951049,-28.923597],[-49.943458,-28.923211],[-49.94763,-28.926467],[-49.944334,-28.940928],[-49.953202,-28.940451],[-49.955602,-28.940321],[-49.95587,-28.96134],[-49.937305,-28.964927],[-49.93387,-28.973989],[-49.920048,-28.97821],[-49.934528,-28.984312],[-49.938004,-28.978242],[-49.941494,-28.981989],[-49.942366,-28.982926],[-49.94146,-28.999821],[-49.941406,-29.000834],[-49.941689,-29.000473],[-49.945573,-28.995519],[-49.951,-28.998997],[-49.9561,-29.010877],[-49.964304,-29.02201],[-49.948752,-29.020606],[-49.948566,-29.020589],[-49.946694,-29.017487],[-49.938917,-29.019308],[-49.9381,-29.023119],[-49.946598,-29.027406],[-49.945438,-29.032772],[-49.953163,-29.034587],[-49.954996,-29.035017],[-49.953686,-29.037371],[-49.952897,-29.038789],[-49.954146,-29.039818],[-49.958155,-29.043125],[-49.958721,-29.048912],[-50.006982,-29.071638],[-49.990993,-29.069644],[-49.988127,-29.075206],[-49.984879,-29.071176],[-49.986963,-29.068625],[-49.967405,-29.064172],[-49.967548,-29.067623],[-49.963638,-29.064236],[-49.959048,-29.0659],[-49.95607,-29.06698],[-49.95979,-29.070412],[-49.957642,-29.072279],[-49.953593,-29.075797],[-49.953998,-29.085019],[-49.962178,-29.084043],[-49.966977,-29.08347],[-49.966716,-29.094877],[-49.964419,-29.097505],[-49.96235,-29.099872],[-49.964887,-29.100319],[-49.969021,-29.101049],[-49.969457,-29.104196],[-49.968548,-29.109922],[-49.967653,-29.115559],[-49.981899,-29.119721],[-49.982482,-29.118774],[-49.983459,-29.117185],[-49.990571,-29.11884],[-49.988293,-29.122466],[-49.983829,-29.12957],[-49.986361,-29.136144],[-49.990699,-29.134497],[-49.989829,-29.128253],[-49.996527,-29.132721],[-50.000144,-29.131668],[-50.013542,-29.127772],[-50.005372,-29.134246],[-50.005124,-29.140507],[-50.004731,-29.150385],[-50.00971,-29.151419],[-50.009364,-29.156821],[-50.013569,-29.155501],[-50.018799,-29.153859],[-50.019258,-29.164482],[-50.01931,-29.165703],[-50.02088,-29.165305],[-50.025,-29.164261],[-50.026654,-29.168236],[-50.027635,-29.170593],[-50.019547,-29.174302],[-50.021115,-29.178459],[-50.016439,-29.180897],[-50.029872,-29.180263],[-50.034202,-29.176538],[-50.041814,-29.183519],[-50.05143,-29.185987],[-50.055511,-29.183404],[-50.065347,-29.190999],[-50.062532,-29.182801],[-50.060382,-29.17654],[-50.066535,-29.181487],[-50.07632,-29.189355],[-50.078696,-29.185336],[-50.075702,-29.182557],[-50.085753,-29.17841],[-50.081486,-29.17658],[-50.078898,-29.17547],[-50.085608,-29.175227],[-50.08791,-29.175144],[-50.089755,-29.175078],[-50.091919,-29.167057],[-50.076553,-29.160863],[-50.078848,-29.156038],[-50.081598,-29.159836],[-50.098947,-29.163249],[-50.095589,-29.16571],[-50.098432,-29.172378],[-50.093887,-29.176587],[-50.097072,-29.18015],[-50.090894,-29.180207],[-50.090325,-29.181079],[-50.088258,-29.184249],[-50.092698,-29.195083],[-50.085187,-29.193176],[-50.092344,-29.199121],[-50.086428,-29.200119],[-50.092698,-29.221853],[-50.110588,-29.237191],[-50.108136,-29.230045],[-50.111013,-29.223395],[-50.100915,-29.224714],[-50.093296,-29.212857],[-50.102562,-29.211156],[-50.114913,-29.208889],[-50.115564,-29.205249],[-50.129345,-29.201419],[-50.122771,-29.19757],[-50.137228,-29.19901],[-50.139618,-29.193416],[-50.151448,-29.202579],[-50.140185,-29.201432],[-50.137058,-29.204638],[-50.133379,-29.20841],[-50.132794,-29.215423],[-50.14528,-29.218975],[-50.147286,-29.219546],[-50.146024,-29.223437],[-50.145224,-29.225904],[-50.146573,-29.226732],[-50.149937,-29.228795],[-50.146973,-29.229133],[-50.141912,-29.22971],[-50.138477,-29.233944],[-50.140806,-29.238444],[-50.148712,-29.241239],[-50.165967,-29.247338],[-50.155167,-29.248406],[-50.156471,-29.251991],[-50.14982,-29.249289],[-50.150271,-29.257604],[-50.145288,-29.256346],[-50.144197,-29.275453],[-50.148181,-29.282925],[-50.147112,-29.287611],[-50.147082,-29.28774],[-50.141357,-29.287853],[-50.142259,-29.291763],[-50.128763,-29.302742],[-50.130506,-29.288396],[-50.130824,-29.285785],[-50.12304,-29.281353],[-50.116646,-29.290366],[-50.115844,-29.291497],[-50.117882,-29.297133],[-50.105714,-29.299093],[-50.108615,-29.305065],[-50.100997,-29.310063],[-50.089443,-29.310329],[-50.084041,-29.316072],[-50.08559,-29.321552],[-50.085934,-29.322766],[-50.074589,-29.320456],[-50.072263,-29.319982],[-50.069223,-29.324262],[-50.072592,-29.327394],[-50.059182,-29.327244],[-50.057257,-29.327222],[-50.057451,-29.328381],[-50.058776,-29.336296],[-50.064516,-29.340854],[-50.049415,-29.33887],[-50.048739,-29.339514],[-50.036938,-29.350757],[-50.034925,-29.347035],[-50.036539,-29.344976],[-50.043384,-29.336237],[-50.062712,-29.311566],[-50.073437,-29.309128],[-50.092402,-29.296374],[-50.10153,-29.283304],[-50.103953,-29.28218],[-50.107978,-29.280313],[-50.114169,-29.258757],[-50.106353,-29.253963],[-50.097259,-29.254012],[-50.089428,-29.254055],[-50.073063,-29.247701],[-50.068721,-29.246016],[-50.068216,-29.246437],[-50.065292,-29.248872],[-50.064241,-29.245302],[-50.06343,-29.242546],[-50.05195,-29.241327],[-50.041726,-29.240242],[-50.03798,-29.236809],[-50.034234,-29.233376],[-50.006725,-29.224956],[-50.003412,-29.225862],[-50.000098,-29.226768],[-49.972965,-29.213232],[-49.970932,-29.206572],[-49.970073,-29.203756],[-49.962461,-29.198392],[-49.946316,-29.199966],[-49.942947,-29.200879],[-49.938807,-29.202578],[-49.932845,-29.203123],[-49.931133,-29.20328],[-49.928696,-29.206914],[-49.914923,-29.207353],[-49.913279,-29.207405],[-49.900847,-29.214736],[-49.881485,-29.219563],[-49.879848,-29.219971],[-49.879335,-29.220616],[-49.876302,-29.224426],[-49.87349,-29.224259],[-49.868549,-29.223965],[-49.856519,-29.232835],[-49.856702,-29.241785],[-49.85671,-29.242186],[-49.853839,-29.245288],[-49.853582,-29.245344],[-49.848413,-29.246482],[-49.850797,-29.250683],[-49.854162,-29.256611],[-49.846521,-29.258877],[-49.84163,-29.260328],[-49.842193,-29.267172],[-49.842542,-29.271411],[-49.846949,-29.272713],[-49.840533,-29.277067],[-49.827565,-29.276854],[-49.817143,-29.285826],[-49.811421,-29.283413],[-49.809217,-29.286447],[-49.796835,-29.288567],[-49.795228,-29.288842],[-49.791585,-29.285387],[-49.773739,-29.295951],[-49.772297,-29.296805],[-49.769126,-29.298638],[-49.767194,-29.298315],[-49.763341,-29.29767],[-49.748656,-29.296611],[-49.740088,-29.300338],[-49.740064,-29.306258],[-49.742922,-29.310258],[-49.737722,-29.314537],[-49.735684,-29.310374],[-49.729885,-29.317319],[-49.736288,-29.31875],[-49.742992,-29.320248],[-49.74427,-29.327947],[-49.735881,-29.325008],[-49.730875,-29.327752],[-49.729198,-29.32867],[-49.711305,-29.325448],[-49.722896,-29.34102],[-49.728214,-29.348166],[-49.728723,-29.350011],[-49.729422,-29.35255],[-49.730946,-29.358084],[-49.748183,-29.375626],[-49.750049,-29.377517],[-49.750913,-29.378391],[-49.75271,-29.380672],[-49.776995,-29.41149],[-49.782955,-29.419053],[-49.783373,-29.419583],[-49.788914,-29.426615],[-49.801915,-29.443087],[-49.846549,-29.503585],[-49.873383,-29.539938],[-49.905272,-29.583142],[-49.918592,-29.601187],[-49.922571,-29.60653],[-49.934168,-29.624208],[-49.958786,-29.667411],[-49.990019,-29.723174],[-49.992226,-29.727082],[-49.994432,-29.730987],[-50.008179,-29.755324],[-50.017487,-29.7718],[-50.038712,-29.812854],[-50.043975,-29.823128],[-50.049959,-29.834722],[-50.060422,-29.854996],[-50.063743,-29.861404],[-50.067429,-29.868777],[-50.07504,-29.883947],[-50.076936,-29.888037],[-50.078832,-29.892127],[-50.096394,-29.930006],[-50.107107,-29.953114],[-50.112795,-29.965383],[-50.113359,-29.966599],[-50.114224,-29.96846],[-50.117374,-29.975247],[-50.136399,-30.021145],[-50.139165,-30.027819],[-50.14193,-30.034493],[-50.167957,-30.097165],[-50.182401,-30.132951],[-50.191984,-30.156938],[-50.19407,-30.162115],[-50.196156,-30.167292],[-50.223792,-30.235892],[-50.23524,-30.264628],[-50.250761,-30.303261],[-50.253643,-30.311154],[-50.25391,-30.311884],[-50.255055,-30.314723],[-50.255579,-30.316021],[-50.257818,-30.321571],[-50.259205,-30.325652],[-50.259793,-30.327381],[-50.276664,-30.371904],[-50.278037,-30.375527],[-50.278061,-30.37559],[-50.279411,-30.37915],[-50.306511,-30.450605],[-50.308324,-30.455386],[-50.311571,-30.461302],[-50.327249,-30.489865],[-50.332998,-30.500274],[-50.342851,-30.515885],[-50.357293,-30.538684],[-50.360119,-30.543144],[-50.3633,-30.548165],[-50.36683,-30.553738],[-50.368957,-30.557095],[-50.38154,-30.573611],[-50.384662,-30.5777],[-50.39161,-30.586803],[-50.40012,-30.59795],[-50.473949,-30.694663],[-50.476409,-30.698286],[-50.479068,-30.702202],[-50.486845,-30.713658],[-50.543576,-30.797221],[-50.551455,-30.808826],[-50.551461,-30.808834],[-50.556563,-30.81635],[-50.562106,-30.824514],[-50.591559,-30.863134],[-50.638325,-30.924456],[-50.66521,-30.959707],[-50.668939,-30.964596],[-50.672668,-30.969486],[-50.686659,-30.989874],[-50.692506,-30.998394],[-50.698353,-31.006914],[-50.768792,-31.109558],[-50.847599,-31.19531],[-50.869471,-31.217879],[-50.886955,-31.235918],[-50.889854,-31.238425],[-50.889916,-31.238478],[-50.892753,-31.240931],[-50.939569,-31.281424],[-50.948617,-31.289249],[-50.965182,-31.302515],[-50.981925,-31.315923],[-50.988407,-31.321114],[-50.994889,-31.326305],[-51.022691,-31.348569],[-51.041885,-31.363941],[-51.046145,-31.367815],[-51.052916,-31.373997],[-51.059454,-31.379967],[-51.119181,-31.434507],[-51.17334,-31.472283],[-51.191258,-31.495531],[-51.221434,-31.536384],[-51.249787,-31.566743],[-51.251704,-31.568135],[-51.253621,-31.569526],[-51.45839,-31.717557],[-51.461685,-31.719939],[-51.469869,-31.725854],[-51.47986,-31.731376],[-51.485424,-31.734451],[-51.513829,-31.750151],[-51.521179,-31.754213],[-51.522865,-31.755145],[-51.533587,-31.76107],[-51.551586,-31.771017],[-51.570553,-31.7815],[-51.580357,-31.786918],[-51.583035,-31.788398],[-51.587484,-31.790857],[-51.61026,-31.803445],[-51.619199,-31.808386],[-51.619211,-31.808391],[-51.62066,-31.809192],[-51.626678,-31.812518],[-51.657333,-31.826704],[-51.662749,-31.829211],[-51.668166,-31.831718],[-51.717704,-31.854642],[-51.817231,-31.910374],[-51.819055,-31.911655],[-51.820879,-31.912936],[-51.88456,-31.957651],[-51.978603,-32.043257],[-51.982088,-32.046859],[-51.985571,-32.05046],[-52.006718,-32.072311],[-52.031587,-32.098009],[-52.03997,-32.106671],[-52.060058,-32.12743],[-52.071042,-32.13878],[-52.074437,-32.142288],[-52.081144,-32.15693],[-52.078252,-32.137311],[-52.081654,-32.132399],[-52.088294,-32.128704],[-52.085026,-32.126614],[-52.084068,-32.122747],[-52.083186,-32.119906],[-52.08108,-32.117347],[-52.07636,-32.111704],[-52.063257,-32.096229],[-52.059148,-32.084509],[-52.05738,-32.079508],[-52.05415,-32.077061],[-52.048528,-32.072801],[-52.047747,-32.069624],[-52.044155,-32.054853],[-52.042713,-32.048921],[-52.041159,-32.04175],[-52.040031,-32.036383],[-52.040742,-32.031959],[-52.041585,-32.027072],[-52.042249,-32.021977],[-52.042662,-32.015428],[-52.042171,-32.007166],[-52.044918,-32.001215],[-52.048913,-31.993033],[-52.052553,-31.985577],[-52.054113,-31.981835],[-52.047921,-31.974392],[-52.032761,-31.971365],[-52.022269,-31.96927],[-52.019613,-31.965973],[-52.018174,-31.964186],[-52.012641,-31.957318],[-52.013322,-31.938848],[-52.019205,-31.928082],[-52.026173,-31.915332],[-52.029169,-31.913357],[-52.038185,-31.907907],[-52.041245,-31.906057],[-52.045488,-31.903492],[-52.046743,-31.899465],[-52.048257,-31.894609],[-52.053033,-31.890892],[-52.061486,-31.884313],[-52.066554,-31.880367],[-52.088325,-31.863421],[-52.0916,-31.860872],[-52.091048,-31.856677],[-52.090447,-31.852116],[-52.090437,-31.851997],[-52.090181,-31.848999],[-52.090766,-31.847948],[-52.093992,-31.842155],[-52.095675,-31.839131],[-52.097628,-31.835423],[-52.084385,-31.827918],[-52.079784,-31.825365],[-52.074565,-31.822536],[-52.062022,-31.815743],[-52.047901,-31.813524],[-52.00355,-31.818554],[-51.930096,-31.858752],[-51.924983,-31.861014],[-51.920335,-31.863071],[-51.907931,-31.86856],[-51.90304,-31.868842],[-51.86836,-31.870851],[-51.863887,-31.86984],[-51.858319,-31.868551],[-51.851719,-31.867023],[-51.847847,-31.864483],[-51.80779,-31.838199],[-51.807313,-31.83474],[-51.806616,-31.829692],[-51.807978,-31.826319],[-51.810182,-31.820859],[-51.810413,-31.820289],[-51.812406,-31.816772],[-51.805488,-31.819654],[-51.803139,-31.814913],[-51.797863,-31.814258],[-51.791267,-31.814419],[-51.786637,-31.805769],[-51.795577,-31.804808],[-51.797863,-31.814258],[-51.812637,-31.80847],[-51.809652,-31.813041],[-51.812406,-31.816772],[-51.829056,-31.805887],[-51.838506,-31.805572],[-51.84944,-31.805208],[-51.854942,-31.805024],[-51.859328,-31.804878],[-51.861775,-31.802182],[-51.864607,-31.798898],[-51.858488,-31.79868],[-51.850341,-31.79844],[-51.837904,-31.798075],[-51.797371,-31.787092],[-51.742797,-31.788027],[-51.692829,-31.782036],[-51.664143,-31.770449],[-51.649414,-31.756995],[-51.643887,-31.751945],[-51.641576,-31.749834],[-51.631426,-31.740562],[-51.60936,-31.720404],[-51.596476,-31.708634],[-51.592907,-31.705374],[-51.587322,-31.698536],[-51.572844,-31.680809],[-51.554904,-31.658844],[-51.552655,-31.65609],[-51.549213,-31.651833],[-51.545255,-31.645243],[-51.542535,-31.640714],[-51.539063,-31.634934],[-51.534989,-31.62815],[-51.527226,-31.615223],[-51.524115,-31.610041],[-51.524077,-31.60998],[-51.520928,-31.604736],[-51.511352,-31.588791],[-51.506035,-31.583621],[-51.502205,-31.579897],[-51.498654,-31.576445],[-51.490777,-31.568786],[-51.483901,-31.564819],[-51.474091,-31.559159],[-51.469807,-31.582685],[-51.466594,-31.583104],[-51.468824,-31.585505],[-51.462943,-31.590234],[-51.469584,-31.589221],[-51.447628,-31.606265],[-51.435788,-31.624347],[-51.43634,-31.616158],[-51.454786,-31.59023],[-51.464549,-31.564102],[-51.462305,-31.560311],[-51.449894,-31.539349],[-51.448348,-31.527295],[-51.455729,-31.536177],[-51.462109,-31.543858],[-51.460377,-31.533986],[-51.458802,-31.528355],[-51.445671,-31.501297],[-51.442493,-31.494747],[-51.432705,-31.484307],[-51.428865,-31.48027],[-51.415793,-31.472891],[-51.415598,-31.489538],[-51.415482,-31.499437],[-51.410068,-31.510822],[-51.409446,-31.512129],[-51.40773,-31.512875],[-51.406014,-31.51362],[-51.377228,-31.526118],[-51.373457,-31.527756],[-51.370327,-31.529114],[-51.36358,-31.52883],[-51.360046,-31.528631],[-51.346738,-31.5235],[-51.340811,-31.521216],[-51.31705,-31.512056],[-51.313431,-31.509281],[-51.309811,-31.506506],[-51.295361,-31.495426],[-51.292575,-31.493291],[-51.289085,-31.491697],[-51.279315,-31.487239],[-51.273346,-31.484515],[-51.263605,-31.480071],[-51.256184,-31.473623],[-51.249896,-31.468159],[-51.242382,-31.46163],[-51.237768,-31.457622],[-51.214216,-31.426695],[-51.202929,-31.411875],[-51.200308,-31.406559],[-51.199485,-31.404889],[-51.195217,-31.396233],[-51.186083,-31.377704],[-51.180834,-31.367058],[-51.17879,-31.362911],[-51.1776,-31.358102],[-51.17412,-31.344033],[-51.162022,-31.295121],[-51.158602,-31.281143],[-51.157976,-31.270746],[-51.157162,-31.257222],[-51.160966,-31.211544],[-51.16109,-31.210062],[-51.16109,-31.210059],[-51.161214,-31.208574],[-51.173012,-31.161078],[-51.178241,-31.140023],[-51.179666,-31.133926],[-51.179312,-31.126171],[-51.176964,-31.084581],[-51.176737,-31.081592],[-51.168123,-31.066838],[-51.155644,-31.081236],[-51.142923,-31.089736],[-51.140735,-31.091197],[-51.137162,-31.09217],[-51.133592,-31.09314],[-51.121515,-31.096425],[-51.115266,-31.098124],[-51.110225,-31.099494],[-51.103078,-31.098855],[-51.099395,-31.096328],[-51.09439,-31.092895],[-51.082429,-31.08469],[-51.07323,-31.078379],[-51.073224,-31.078376],[-51.071095,-31.076915],[-51.066147,-31.073521],[-51.053064,-31.064547],[-51.047992,-31.061068],[-51.044001,-31.059797],[-51.009672,-31.048871],[-51.002044,-31.048225],[-50.994415,-31.047578],[-50.980022,-31.040525],[-50.971856,-31.0324],[-50.969747,-31.027206],[-50.968863,-31.025027],[-50.966591,-31.019429],[-50.961729,-31.01293],[-50.961085,-31.01207],[-50.959428,-31.009855],[-50.954045,-31.002661],[-50.953786,-30.999065],[-50.952672,-30.983552],[-50.952397,-30.979728],[-50.951733,-30.970472],[-50.95147,-30.96682],[-50.95091,-30.959025],[-50.952277,-30.954408],[-50.954353,-30.947395],[-50.961637,-30.922791],[-50.965918,-30.90833],[-50.966038,-30.903426],[-50.966062,-30.902446],[-50.96623,-30.895583],[-50.940994,-30.903453],[-50.934493,-30.903837],[-50.930206,-30.904091],[-50.925595,-30.904364],[-50.919741,-30.90471],[-50.910755,-30.905242],[-50.904442,-30.90215],[-50.901195,-30.90056],[-50.897334,-30.898668],[-50.897225,-30.898614],[-50.888585,-30.894382],[-50.881806,-30.891061],[-50.845805,-30.858391],[-50.822785,-30.85142],[-50.821294,-30.847132],[-50.820336,-30.844523],[-50.818669,-30.839985],[-50.814984,-30.83877],[-50.80726,-30.836223],[-50.779588,-30.827097],[-50.777969,-30.826563],[-50.776347,-30.826028],[-50.75813,-30.82002],[-50.753112,-30.818267],[-50.750298,-30.815249],[-50.746756,-30.811451],[-50.743335,-30.807783],[-50.740763,-30.805026],[-50.738042,-30.802107],[-50.736046,-30.799969],[-50.729555,-30.789805],[-50.724247,-30.781493],[-50.720752,-30.77602],[-50.72075,-30.776017],[-50.716666,-30.769623],[-50.71253,-30.763144],[-50.708157,-30.756298],[-50.703068,-30.748329],[-50.701455,-30.745804],[-50.697364,-30.732226],[-50.68957,-30.706272],[-50.688401,-30.695469],[-50.687793,-30.689852],[-50.686671,-30.67948],[-50.679009,-30.608648],[-50.682623,-30.551784],[-50.683399,-30.53958],[-50.683439,-30.538947],[-50.684296,-30.525476],[-50.685797,-30.500275],[-50.691155,-30.471898],[-50.697943,-30.435251],[-50.699086,-30.429081],[-50.699332,-30.427752],[-50.699983,-30.424238],[-50.706935,-30.412553],[-50.71994,-30.390694],[-50.724249,-30.383451],[-50.725762,-30.37837],[-50.728918,-30.367655],[-50.721177,-30.36283],[-50.717009,-30.351462],[-50.707926,-30.353339],[-50.705114,-30.347249],[-50.698562,-30.345665],[-50.698395,-30.349507],[-50.686169,-30.356313],[-50.679299,-30.367957],[-50.6791,-30.368294],[-50.677221,-30.369663],[-50.64822,-30.390798],[-50.647543,-30.394028],[-50.647351,-30.39494],[-50.646325,-30.395027],[-50.642857,-30.395321],[-50.640705,-30.392385],[-50.644143,-30.387629],[-50.640688,-30.386176],[-50.634895,-30.391901],[-50.634069,-30.392717],[-50.623465,-30.391576],[-50.627463,-30.389906],[-50.631611,-30.387773],[-50.634247,-30.386418],[-50.629653,-30.382572],[-50.63726,-30.378314],[-50.631588,-30.374361],[-50.630926,-30.371232],[-50.630054,-30.367104],[-50.631802,-30.357856],[-50.634058,-30.345926],[-50.634947,-30.340253],[-50.626833,-30.327322],[-50.62589,-30.343168],[-50.620135,-30.356251],[-50.606387,-30.375076],[-50.592828,-30.393642],[-50.592631,-30.399796],[-50.598717,-30.399395],[-50.603628,-30.39923],[-50.608169,-30.402527],[-50.611222,-30.404745],[-50.615577,-30.403808],[-50.621163,-30.411053],[-50.625636,-30.409423],[-50.632765,-30.40566],[-50.641229,-30.40916],[-50.642853,-30.409832],[-50.64479,-30.410633],[-50.647782,-30.41187],[-50.65583,-30.425612],[-50.653876,-30.442436],[-50.647651,-30.451529],[-50.644852,-30.455617],[-50.639885,-30.462872],[-50.611287,-30.48464],[-50.61057,-30.485185],[-50.604124,-30.486659],[-50.594432,-30.488877],[-50.59331,-30.489133],[-50.591065,-30.489647],[-50.58213,-30.489608],[-50.574356,-30.48144],[-50.570836,-30.470657],[-50.572977,-30.465714],[-50.573856,-30.463683],[-50.569973,-30.459719],[-50.568135,-30.457843],[-50.567649,-30.453718],[-50.567036,-30.448525],[-50.56499,-30.431176],[-50.564162,-30.424149],[-50.562395,-30.409161],[-50.562854,-30.40775],[-50.564253,-30.403445],[-50.566937,-30.395187],[-50.565453,-30.392537],[-50.552796,-30.369934],[-50.552019,-30.364258],[-50.54962,-30.363093],[-50.548851,-30.36272],[-50.544792,-30.355378],[-50.545543,-30.335758],[-50.545736,-30.3307],[-50.548257,-30.327672],[-50.548385,-30.327514],[-50.554642,-30.319705],[-50.544061,-30.302006],[-50.542486,-30.299372],[-50.542725,-30.29413],[-50.542764,-30.293283],[-50.543219,-30.281314],[-50.542476,-30.280303],[-50.537427,-30.273431],[-50.538402,-30.268223],[-50.542133,-30.252023],[-50.54927,-30.249574],[-50.556916,-30.250427],[-50.559261,-30.250993],[-50.55994,-30.251157],[-50.563311,-30.247713],[-50.567422,-30.243514],[-50.571632,-30.241761],[-50.574091,-30.239413],[-50.57605,-30.235489],[-50.579694,-30.228187],[-50.582752,-30.222059],[-50.583079,-30.221404],[-50.585485,-30.216584],[-50.590733,-30.206066],[-50.593909,-30.199702],[-50.596896,-30.194067],[-50.605834,-30.19586],[-50.605988,-30.195891],[-50.610896,-30.196876],[-50.617441,-30.198188],[-50.61977,-30.198587],[-50.622535,-30.19906],[-50.623917,-30.198599],[-50.644081,-30.191872],[-50.648244,-30.194067],[-50.658359,-30.199399],[-50.660178,-30.209388],[-50.6616,-30.2172],[-50.662234,-30.220686],[-50.662798,-30.22378],[-50.664372,-30.232425],[-50.66498,-30.235766],[-50.66641,-30.243617],[-50.667023,-30.24698],[-50.667623,-30.250279],[-50.66834,-30.254217],[-50.665851,-30.259139],[-50.665612,-30.259612],[-50.656443,-30.277114],[-50.654437,-30.280943],[-50.655552,-30.285221],[-50.661651,-30.28922],[-50.672716,-30.296119],[-50.681088,-30.296258],[-50.705622,-30.296685],[-50.707553,-30.296951],[-50.709485,-30.297216],[-50.720969,-30.298792],[-50.726292,-30.297497],[-50.729754,-30.296655],[-50.732365,-30.29602],[-50.735961,-30.295145],[-50.750203,-30.296186],[-50.763166,-30.290873],[-50.771525,-30.295839],[-50.772795,-30.288132],[-50.781163,-30.284389],[-50.787861,-30.29076],[-50.792044,-30.304365],[-50.794319,-30.311954],[-50.793164,-30.319872],[-50.792978,-30.321144],[-50.792289,-30.325862],[-50.790609,-30.328855],[-50.788503,-30.332608],[-50.78129,-30.328545],[-50.786464,-30.325334],[-50.776132,-30.326716],[-50.775336,-30.333448],[-50.785588,-30.335589],[-50.7933,-30.3372],[-50.79645,-30.337858],[-50.799982,-30.336535],[-50.803215,-30.335324],[-50.807112,-30.333864],[-50.819047,-30.329391],[-50.830361,-30.325152],[-50.834894,-30.323454],[-50.838435,-30.322128],[-50.843486,-30.320235],[-50.852647,-30.320604],[-50.857715,-30.320808],[-50.864601,-30.321085],[-50.88431,-30.321879],[-50.895381,-30.322325],[-50.906452,-30.322771],[-50.921588,-30.331649],[-50.925841,-30.3388],[-50.930094,-30.345951],[-50.936661,-30.369665],[-50.938021,-30.374577],[-50.938155,-30.378468],[-50.938314,-30.383079],[-50.938676,-30.393609],[-50.937825,-30.397299],[-50.936818,-30.401659],[-50.934522,-30.411606],[-50.931408,-30.425096],[-50.928034,-30.42974],[-50.927996,-30.429792],[-50.925724,-30.432919],[-50.922802,-30.436942],[-50.929504,-30.435251],[-50.95384,-30.419449],[-50.956555,-30.417686],[-50.959451,-30.415806],[-50.96257,-30.413781],[-50.970135,-30.408869],[-50.972872,-30.407092],[-51.012475,-30.38914],[-51.014016,-30.388925],[-51.015559,-30.38871],[-51.038135,-30.38556],[-51.041552,-30.389289],[-51.046698,-30.390116],[-51.054701,-30.391404],[-51.058421,-30.384846],[-51.05237,-30.382818],[-51.04687,-30.380872],[-51.046917,-30.378918],[-51.047072,-30.372608],[-51.041888,-30.371721],[-51.040761,-30.365853],[-51.04442,-30.362004],[-51.049036,-30.357149],[-51.05461,-30.357333],[-51.067505,-30.357759],[-51.068203,-30.354497],[-51.054857,-30.350143],[-51.054603,-30.350061],[-51.050402,-30.348515],[-51.049287,-30.344087],[-51.039301,-30.342412],[-51.034144,-30.336264],[-51.031975,-30.332128],[-51.0292,-30.326805],[-51.033485,-30.325944],[-51.039711,-30.324692],[-51.030072,-30.322079],[-51.025303,-30.320786],[-51.024115,-30.316055],[-51.020291,-30.300222],[-51.019268,-30.295987],[-51.028945,-30.276535],[-51.03023,-30.273953],[-51.042194,-30.268153],[-51.047889,-30.267402],[-51.051924,-30.26897],[-51.056105,-30.270595],[-51.058607,-30.276031],[-51.064187,-30.275712],[-51.068666,-30.270628],[-51.062849,-30.263183],[-51.067221,-30.250172],[-51.078398,-30.244695],[-51.085925,-30.241006],[-51.098876,-30.242853],[-51.101333,-30.245083],[-51.104093,-30.247597],[-51.103645,-30.249026],[-51.102128,-30.253869],[-51.10902,-30.250628],[-51.119084,-30.245895],[-51.123614,-30.246997],[-51.127731,-30.247998],[-51.13283,-30.256561],[-51.13623,-30.262275],[-51.133438,-30.268883],[-51.136926,-30.268344],[-51.157841,-30.261959],[-51.155301,-30.255405],[-51.154388,-30.253048],[-51.151264,-30.246146],[-51.155335,-30.240092],[-51.169028,-30.23768],[-51.173522,-30.236889],[-51.17528,-30.236579],[-51.178898,-30.235941],[-51.183362,-30.234197],[-51.180746,-30.228033],[-51.179792,-30.225783],[-51.176939,-30.219429],[-51.182044,-30.212909],[-51.189552,-30.213491],[-51.192448,-30.213715],[-51.195817,-30.211975],[-51.195899,-30.211933],[-51.198742,-30.210097],[-51.19848,-30.209546],[-51.193673,-30.199466],[-51.197667,-30.193927],[-51.213958,-30.190126],[-51.221751,-30.188314],[-51.224378,-30.187703],[-51.227568,-30.188243],[-51.239328,-30.190233],[-51.248058,-30.185762],[-51.242229,-30.181914],[-51.23663,-30.182245],[-51.232294,-30.182502],[-51.230295,-30.180518],[-51.226101,-30.176356],[-51.225906,-30.168786],[-51.23009,-30.165201],[-51.232372,-30.163245],[-51.229746,-30.161035],[-51.226525,-30.158323],[-51.225284,-30.144401],[-51.228047,-30.140441],[-51.228491,-30.139805],[-51.230368,-30.137115],[-51.233098,-30.13597],[-51.244056,-30.131375],[-51.244685,-30.126654],[-51.247612,-30.125484],[-51.256649,-30.122739],[-51.261154,-30.1201],[-51.258127,-30.111222],[-51.262367,-30.111692],[-51.260578,-30.107266],[-51.265731,-30.102599],[-51.260733,-30.096367],[-51.250095,-30.094712],[-51.24897,-30.080554],[-51.246603,-30.077585],[-51.242044,-30.071865],[-51.238135,-30.06696],[-51.230963,-30.057707],[-51.229866,-30.043224],[-51.242001,-30.043061],[-51.241633,-30.034923],[-51.250112,-30.03453],[-51.252722,-30.040486],[-51.254982,-30.045643],[-51.262396,-30.053808],[-51.262098,-30.049154],[-51.261157,-30.043344],[-51.260274,-30.037903],[-51.259639,-30.033988],[-51.262964,-30.03411],[-51.269052,-30.03434],[-51.271365,-30.038452],[-51.279103,-30.03732],[-51.267275,-30.028544],[-51.267627,-30.015961],[-51.277112,-30.010399],[-51.282082,-30.02141],[-51.288856,-30.011371],[-51.288856,-30.011363],[-51.289748,-30.001706],[-51.295152,-30.001162],[-51.301752,-30.009382],[-51.303661,-30.026998],[-51.299679,-30.033762],[-51.291841,-30.047076],[-51.299707,-30.04126],[-51.298678,-30.050635],[-51.300647,-30.052181],[-51.302294,-30.053473],[-51.303024,-30.054568],[-51.304643,-30.056996],[-51.309023,-30.062783],[-51.311464,-30.072144],[-51.313788,-30.082343],[-51.308706,-30.084925],[-51.308477,-30.085696],[-51.307756,-30.088117],[-51.306311,-30.093772],[-51.309278,-30.101443],[-51.310284,-30.104043],[-51.310321,-30.104138],[-51.313135,-30.111412],[-51.313562,-30.128156],[-51.310713,-30.130648],[-51.309937,-30.131326],[-51.305582,-30.135134],[-51.310249,-30.13574],[-51.311174,-30.137003],[-51.314537,-30.14159],[-51.320905,-30.150638],[-51.322269,-30.16047],[-51.322728,-30.16382],[-51.323482,-30.169933],[-51.319135,-30.174638],[-51.31699,-30.174881],[-51.309502,-30.17573],[-51.309045,-30.182522],[-51.311211,-30.18551],[-51.315401,-30.190637],[-51.316646,-30.197682],[-51.319069,-30.212321],[-51.324809,-30.214564],[-51.32633,-30.219909],[-51.327149,-30.22283],[-51.32801,-30.226316],[-51.326988,-30.229295],[-51.325309,-30.234187],[-51.318835,-30.234362],[-51.318408,-30.233662],[-51.31622,-30.230067],[-51.314027,-30.235892],[-51.312752,-30.239277],[-51.309664,-30.238113],[-51.302589,-30.235445],[-51.291648,-30.231045],[-51.298078,-30.239453],[-51.294693,-30.245733],[-51.294318,-30.246428],[-51.28952,-30.248931],[-51.286817,-30.250341],[-51.272914,-30.249322],[-51.279641,-30.253608],[-51.282639,-30.255484],[-51.287006,-30.258215],[-51.290367,-30.254549],[-51.290835,-30.25404],[-51.297367,-30.259093],[-51.299,-30.283483],[-51.29642,-30.29236],[-51.293126,-30.303492],[-51.275389,-30.307952],[-51.270436,-30.307236],[-51.267444,-30.306804],[-51.267337,-30.306788],[-51.259956,-30.305722],[-51.256556,-30.305337],[-51.249294,-30.31157],[-51.2491,-30.311736],[-51.245909,-30.314775],[-51.248402,-30.320802],[-51.249484,-30.323857],[-51.246752,-30.327901],[-51.240704,-30.325085],[-51.233247,-30.309934],[-51.227522,-30.306821],[-51.21019,-30.297398],[-51.209754,-30.302946],[-51.209663,-30.304111],[-51.20941,-30.307329],[-51.207195,-30.335511],[-51.206819,-30.340296],[-51.204592,-30.345439],[-51.199699,-30.356744],[-51.195931,-30.36545],[-51.19354,-30.370971],[-51.190781,-30.376997],[-51.184229,-30.38197],[-51.178117,-30.385303],[-51.15533,-30.375966],[-51.128628,-30.358932],[-51.125516,-30.358745],[-51.121885,-30.358528],[-51.117844,-30.358285],[-51.097182,-30.357046],[-51.094124,-30.364208],[-51.094305,-30.368997],[-51.094761,-30.381112],[-51.102771,-30.375972],[-51.111278,-30.385236],[-51.117938,-30.39272],[-51.1214,-30.39661],[-51.120378,-30.401133],[-51.120191,-30.401949],[-51.118781,-30.408093],[-51.125683,-30.41507],[-51.125098,-30.424165],[-51.125081,-30.428188],[-51.131221,-30.434613],[-51.142259,-30.470535],[-51.135223,-30.436264],[-51.139097,-30.434244],[-51.143312,-30.431825],[-51.141438,-30.426102],[-51.146208,-30.420567],[-51.148737,-30.417631],[-51.152222,-30.413638],[-51.156115,-30.41282],[-51.162477,-30.411484],[-51.181996,-30.407385],[-51.199921,-30.407902],[-51.20635,-30.41134],[-51.210856,-30.41375],[-51.213619,-30.415228],[-51.228641,-30.423288],[-51.244433,-30.442581],[-51.24676,-30.450408],[-51.247183,-30.4518],[-51.249549,-30.459594],[-51.257951,-30.466327],[-51.261222,-30.473414],[-51.264381,-30.480352],[-51.26796,-30.488241],[-51.287097,-30.533222],[-51.291757,-30.544177],[-51.29389,-30.549192],[-51.297915,-30.55879],[-51.29876,-30.563836],[-51.302811,-30.588027],[-51.302036,-30.619816],[-51.301831,-30.628232],[-51.301692,-30.633925],[-51.293208,-30.701966],[-51.292562,-30.707153],[-51.293247,-30.720204],[-51.293442,-30.723917],[-51.294151,-30.737404],[-51.295483,-30.750499],[-51.299123,-30.730829],[-51.302685,-30.722544],[-51.30594,-30.714971],[-51.316024,-30.703415],[-51.314998,-30.697337],[-51.313526,-30.687811],[-51.31888,-30.679358],[-51.316062,-30.675795],[-51.316868,-30.654566],[-51.316996,-30.651198],[-51.31713,-30.647642],[-51.328948,-30.637616],[-51.334075,-30.633266],[-51.363559,-30.632719],[-51.376496,-30.639857],[-51.386426,-30.6545],[-51.386995,-30.657568],[-51.387688,-30.66131],[-51.391744,-30.683181],[-51.393437,-30.692306],[-51.39513,-30.701431],[-51.405259,-30.756051],[-51.404064,-30.776889],[-51.403736,-30.782406],[-51.390036,-30.839772],[-51.381177,-30.86042],[-51.368619,-30.873673],[-51.37474,-30.87548],[-51.389545,-30.87937],[-51.408452,-30.877109],[-51.428845,-30.874671],[-51.43045,-30.873934],[-51.434674,-30.871994],[-51.438049,-30.870444],[-51.444721,-30.872252],[-51.447084,-30.872892],[-51.464819,-30.882378],[-51.476094,-30.888569],[-51.496093,-30.914872],[-51.499449,-30.951406],[-51.499414,-30.955231],[-51.49903,-30.972284],[-51.493406,-30.994223],[-51.487474,-31.016951],[-51.485176,-31.025758],[-51.477308,-31.040741],[-51.476138,-31.042968],[-51.472592,-31.049721],[-51.464993,-31.064191],[-51.459464,-31.07472],[-51.451374,-31.0824],[-51.448881,-31.084765],[-51.445142,-31.085811],[-51.440199,-31.087194],[-51.448175,-31.090634],[-51.460711,-31.096038],[-51.466598,-31.097301],[-51.478912,-31.099816],[-51.488334,-31.10174],[-51.488342,-31.101742],[-51.490135,-31.102108],[-51.495954,-31.103296],[-51.523009,-31.108821],[-51.527483,-31.109735],[-51.537227,-31.111716],[-51.545031,-31.11261],[-51.55395,-31.113633],[-51.557315,-31.117385],[-51.55981,-31.120223],[-51.566654,-31.128005],[-51.575448,-31.128887],[-51.576931,-31.12902],[-51.588322,-31.130044],[-51.601421,-31.131221],[-51.606894,-31.133889],[-51.614262,-31.137481],[-51.61757,-31.139188],[-51.625561,-31.149218],[-51.628123,-31.152433],[-51.63888,-31.180207],[-51.639044,-31.182575],[-51.639208,-31.184943],[-51.642,-31.225203],[-51.641078,-31.227951],[-51.640157,-31.230699],[-51.63021,-31.258116],[-51.629207,-31.26088],[-51.627913,-31.264448],[-51.62774,-31.264926],[-51.623491,-31.265883],[-51.616175,-31.267165],[-51.630565,-31.268203],[-51.650505,-31.269642],[-51.657385,-31.270138],[-51.663684,-31.270593],[-51.669953,-31.269781],[-51.671493,-31.269581],[-51.676458,-31.268939],[-51.688232,-31.267414],[-51.691429,-31.267],[-51.696294,-31.26637],[-51.706126,-31.265097],[-51.720023,-31.268751],[-51.724968,-31.272132],[-51.72548,-31.272482],[-51.733352,-31.277868],[-51.737143,-31.280243],[-51.742576,-31.278597],[-51.746245,-31.277559],[-51.748462,-31.276931],[-51.747827,-31.277945],[-51.745364,-31.281876],[-51.752684,-31.279521],[-51.756507,-31.285456],[-51.767012,-31.282168],[-51.76824,-31.277844],[-51.789929,-31.272746],[-51.811233,-31.285249],[-51.817841,-31.291407],[-51.817881,-31.291445],[-51.819723,-31.293161],[-51.822568,-31.295808],[-51.833223,-31.305721],[-51.833977,-31.306975],[-51.838828,-31.315039],[-51.84339,-31.322725],[-51.84901,-31.326294],[-51.858683,-31.331571],[-51.858597,-31.324929],[-51.856931,-31.31554],[-51.859686,-31.312649],[-51.866866,-31.305114],[-51.871809,-31.299726],[-51.866653,-31.296028],[-51.869456,-31.294327],[-51.875526,-31.298245],[-51.874734,-31.30799],[-51.87468,-31.308663],[-51.882067,-31.314499],[-51.878456,-31.323748],[-51.88399,-31.320153],[-51.891541,-31.315159],[-51.897546,-31.31408],[-51.901307,-31.313405],[-51.904269,-31.312873],[-51.907869,-31.312225],[-51.918857,-31.310252],[-51.921221,-31.312164],[-51.927901,-31.317735],[-51.931144,-31.32044],[-51.929831,-31.327805],[-51.929822,-31.327857],[-51.920899,-31.327346],[-51.922426,-31.331301],[-51.931789,-31.334058],[-51.936144,-31.335325],[-51.942097,-31.337056],[-51.943211,-31.33738],[-51.948025,-31.338813],[-51.951795,-31.343234],[-51.955261,-31.347388],[-51.957638,-31.350236],[-51.959713,-31.352843],[-51.960878,-31.361711],[-51.961752,-31.369423],[-51.959978,-31.370382],[-51.956723,-31.372142],[-51.951359,-31.374887],[-51.956776,-31.375847],[-51.966199,-31.377399],[-51.967314,-31.377583],[-51.970278,-31.379106],[-51.981816,-31.38548],[-51.983064,-31.388351],[-51.98518,-31.393539],[-51.988753,-31.402293],[-51.99314,-31.413044],[-51.995103,-31.423411],[-51.99536,-31.424772],[-51.99784,-31.437862],[-52.004567,-31.473385],[-52.007106,-31.486786],[-52.009644,-31.500188],[-52.014412,-31.524586],[-52.017388,-31.539814],[-52.01644,-31.548679],[-52.013367,-31.577437],[-52.012426,-31.586225],[-52.012426,-31.58624],[-52.011488,-31.595013],[-52.009509,-31.613531],[-52.010833,-31.61841],[-52.01191,-31.622272],[-52.016292,-31.637964],[-52.032213,-31.694637],[-52.040485,-31.692879],[-52.048308,-31.686675],[-52.052722,-31.683067],[-52.058106,-31.678667],[-52.057808,-31.669357],[-52.04909,-31.67304],[-52.048978,-31.668401],[-52.045262,-31.666516],[-52.042051,-31.664939],[-52.045549,-31.661006],[-52.043725,-31.655895],[-52.046974,-31.653029],[-52.048706,-31.650103],[-52.045645,-31.64652],[-52.04325,-31.643949],[-52.039024,-31.644896],[-52.033656,-31.646099],[-52.028182,-31.647196],[-52.033173,-31.641513],[-52.03797,-31.63605],[-52.039245,-31.632989],[-52.050497,-31.605973],[-52.05437,-31.596676],[-52.052488,-31.587189],[-52.039628,-31.574966],[-52.043669,-31.57374]]],[[[-51.295483,-30.750499],[-51.281652,-30.79734],[-51.280603,-30.801143],[-51.281396,-30.8078],[-51.281897,-30.812016],[-51.289814,-30.817001],[-51.297817,-30.815707],[-51.284633,-30.806501],[-51.28676,-30.796988],[-51.287374,-30.796722],[-51.309166,-30.787278],[-51.31808,-30.783414],[-51.323411,-30.780352],[-51.314407,-30.781664],[-51.314208,-30.781693],[-51.304948,-30.783794],[-51.293453,-30.770119],[-51.294261,-30.764519],[-51.294271,-30.764394],[-51.295483,-30.750499]]],[[[-50.098154,-29.23608],[-50.092698,-29.221853],[-50.084947,-29.215208],[-50.087578,-29.222485],[-50.08347,-29.227521],[-50.093363,-29.23721],[-50.098154,-29.23608]]],[[[-51.148111,-30.472971],[-51.142259,-30.470535],[-51.152054,-30.499744],[-51.156551,-30.498394],[-51.148111,-30.472971]]],[[[-49.95607,-29.06698],[-49.956259,-29.061676],[-49.945636,-29.055149],[-49.939556,-29.056687],[-49.94202,-29.064257],[-49.951665,-29.062529],[-49.947693,-29.069242],[-49.95607,-29.06698]]],[[[-51.294501,-30.053588],[-51.289229,-30.056898],[-51.268429,-30.055382],[-51.291824,-30.064346],[-51.294501,-30.053588]]],[[[-52.101693,-31.801463],[-52.106174,-31.801589],[-52.11047,-31.792739],[-52.093481,-31.792672],[-52.101693,-31.801463]]],[[[-53.418556,-33.129563],[-53.421363,-33.131442],[-53.420108,-33.124568],[-53.416696,-33.118232],[-53.413445,-33.11259],[-53.410424,-33.107686],[-53.406056,-33.107528],[-53.409369,-33.113414],[-53.412778,-33.117996],[-53.415162,-33.122578],[-53.418556,-33.129563]]],[[[-49.968549,-29.120472],[-49.967653,-29.115559],[-49.963833,-29.114166],[-49.962354,-29.117466],[-49.968549,-29.120472]]],[[[-51.464724,-31.549706],[-51.462109,-31.543858],[-51.462683,-31.548098],[-51.463926,-31.55728],[-51.466018,-31.554164],[-51.464851,-31.54999],[-51.464724,-31.549706]]],[[[-51.169024,-30.264125],[-51.157841,-30.261959],[-51.163465,-30.266056],[-51.169024,-30.264125]]],[[[-51.104953,-30.259277],[-51.102128,-30.253869],[-51.100292,-30.258867],[-51.104953,-30.259277]]],[[[-52.044462,-31.567576],[-52.043669,-31.57374],[-52.046969,-31.571849],[-52.044462,-31.567576]]],[[[-51.191486,-30.234579],[-51.187793,-30.233682],[-51.190905,-30.238349],[-51.191486,-30.234579]]]]},"properties":{"id":23,"name":"Rio Grande do Sul","sigla":"RS","regiao_id":"1","codigo_ibg":"43","cartodb_id":23,"created_at":"2015-02-09T16:46:01Z","updated_at":"2015-02-09T16:46:01Z"}}